學校,學系,國文,數學A,數學B,英文,自然,社會
國立臺灣大學,中國文學系,前標,均標,均標,均標,,均標
國立臺灣大學,外國語文學系,前標,均標,均標,頂標,,前標
國立臺灣大學,歷史學系,前標,均標,均標,前標,,前標
國立臺灣大學,哲學系,前標,前標,前標,前標,,
國立臺灣大學,人類學系,--,,--,均標,,均標
國立臺灣大學,圖書資訊學系,前標,均標,均標,前標,,均標
國立臺灣大學,日本語文學系,前標,均標,均標,前標,,前標
國立臺灣大學,戲劇學系,前標,,均標,前標,,均標
國立臺灣大學,數學系,,頂標,,前標,頂標,
國立臺灣大學,物理學系,均標,前標,,均標,前標,
國立臺灣大學,化學系,均標,均標,,均標,均標,
國立臺灣大學,地質科學系,均標,均標,,均標,均標,
國立臺灣大學,心理學系,均標,均標,,均標,均標,
國立臺灣大學,地理環境資源學系,,均標,,均標,,均標
國立臺灣大學,大氣科學系,均標,均標,,均標,均標,
國立臺灣大學,政治學系政治理論組,前標,均標,前標,前標,,前標
國立臺灣大學,政治學系國際關係組,前標,均標,前標,前標,,前標
國立臺灣大學,政治學系公共行政組,前標,均標,前標,前標,,前標
國立臺灣大學,經濟學系A組,,前標,,前標,--,--
國立臺灣大學,經濟學系B組,,前標,,前標,--,
國立臺灣大學,經濟學系C組,,前標,,前標,,--
國立臺灣大學,社會學系,前標,均標,,前標,,前標
國立臺灣大學,社會工作學系,均標,,均標,均標,,均標
國立臺灣大學,醫學系,頂標,頂標,,,頂標,頂標
國立臺灣大學,醫學系(公費生),頂標,頂標,,,頂標,頂標
國立臺灣大學,牙醫學系,前標,頂標,,頂標,頂標,
國立臺灣大學,藥學系,均標,--,,均標,--,
國立臺灣大學,醫學檢驗暨生物技術學系,均標,均標,,前標,前標,
國立臺灣大學,護理學系,均標,均標,,均標,均標,
國立臺灣大學,物理治療學系,均標,均標,,均標,均標,
國立臺灣大學,職能治療學系,前標,前標,,前標,前標,
國立臺灣大學,土木工程學系,均標,均標,,均標,均標,
國立臺灣大學,機械工程學系,,前標,,均標,前標,
國立臺灣大學,化學工程學系,,前標,,前標,前標,
國立臺灣大學,工程科學及海洋工程學系,,均標,,均標,均標,
國立臺灣大學,材料科學與工程學系,--,前標,,前標,前標,
國立臺灣大學,醫學工程學系,前標,前標,,前標,前標,
國立臺灣大學,農藝學系,--,均標,,均標,--,
國立臺灣大學,生物環境系統工程學系,均標,均標,,均標,均標,
國立臺灣大學,農業化學系,均標,均標,,均標,均標,
國立臺灣大學,森林環境暨資源學系,,均標,,均標,均標,
國立臺灣大學,動物科學技術學系,均標,均標,,均標,均標,
國立臺灣大學,農業經濟學系,前標,前標,,前標,,
國立臺灣大學,園藝暨景觀學系,均標,均標,,均標,均標,
國立臺灣大學,獸醫學系,均標,均標,,前標,前標,
國立臺灣大學,生物產業傳播暨發展學系,前標,均標,,前標,,前標
國立臺灣大學,生物機電工程學系,,均標,,均標,均標,
國立臺灣大學,昆蟲學系,均標,均標,,均標,均標,
國立臺灣大學,植物病理與微生物學系,均標,均標,,均標,均標,
國立臺灣大學,工商管理學系企業管理組,--,前標,,頂標,,--
國立臺灣大學,工商管理學系科技管理組,--,前標,,頂標,--,
國立臺灣大學,會計學系,頂標,頂標,,頂標,,
國立臺灣大學,財務金融學系,頂標,頂標,,頂標,,
國立臺灣大學,國際企業學系,--,前標,,頂標,,--
國立臺灣大學,資訊管理學系,--,頂標,,頂標,--,
國立臺灣大學,公共衛生學系,,前標,,前標,均標,
國立臺灣大學,電機工程學系,,頂標,,頂標,頂標,
國立臺灣大學,資訊工程學系,,頂標,,頂標,頂標,
國立臺灣大學,資訊工程學系(APCS組),,前標,,前標,前標,
國立臺灣大學,法律學系法學組,頂標,,前標,頂標,,頂標
國立臺灣大學,法律學系司法組,頂標,,前標,頂標,,頂標
國立臺灣大學,法律學系財經法學組,頂標,,前標,頂標,,頂標
國立臺灣大學,生命科學系,前標,前標,,--,--,
國立臺灣大學,生化科技學系,均標,均標,,均標,均標,
國立臺灣大學,國際體育運動事務學士學位學程,均標,,均標,均標,,均標
國立臺灣大學,希望組甲組(文社法),前標,,均標,前標,,均標
國立臺灣大學,希望組乙組(地理及生傳),,均標,,前標,,均標
國立臺灣大學,希望組丙組(理),均標,前標,,均標,前標,
國立臺灣大學,希望組丁組(生醫),前標,前標,,前標,前標,
國立臺灣大學,希望組戊組(工電資),均標,前標,,均標,前標,
國立臺灣大學,希望組己組(經管),前標,前標,,前標,,均標
國立臺灣大學,希望組庚組(生農),均標,均標,,均標,均標,
國立臺灣大學,希望組辛組(醫牙),頂標,頂標,,,頂標,頂標
國立臺灣師範大學,教育學系,前標,,均標,前標,,均標
國立臺灣師範大學,教育心理與輔導學系,前標,,均標,前標,,均標
國立臺灣師範大學,社會教育學系,前標,,均標,前標,,前標
國立臺灣師範大學,社會教育學系(青年儲蓄帳戶組),前標,,,前標,,
國立臺灣師範大學,健康促進與衛生教育學系,均標,--,,均標,--,
國立臺灣師範大學,幼兒與家庭科學學系家庭生活與教育組,均標,,均標,均標,,均標
國立臺灣師範大學,幼兒與家庭科學學系幼兒發展與教育組,均標,,--,均標,,--
國立臺灣師範大學,公民教育與活動領導學系,均標,,均標,均標,,前標
國立臺灣師範大學,公民教育與活動領導學系(公費生A組),均標,,均標,均標,,前標
國立臺灣師範大學,公民教育與活動領導學系(公費生B組),均標,,均標,均標,,前標
國立臺灣師範大學,特殊教育學系,均標,,,均標,,
國立臺灣師範大學,特殊教育學系(公費生),均標,,,均標,,
國立臺灣師範大學,學習科學學士學位學程,均標,均標,,均標,,
國立臺灣師範大學,學習科學學士學位學程(青年儲蓄帳戶組),均標,,,均標,,
國立臺灣師範大學,教育學院學士班,均標,均標,均標,前標,,均標
國立臺灣師範大學,教育學院學士班(青年儲蓄帳戶組),均標,,,均標,,
國立臺灣師範大學,國文學系,前標,,,前標,,前標
國立臺灣師範大學,國文學系(公費生),前標,,,前標,,前標
國立臺灣師範大學,英語學系,--,,--,頂標,,--
國立臺灣師範大學,歷史學系,前標,,--,前標,,前標
國立臺灣師範大學,地理學系,前標,,均標,均標,,均標
國立臺灣師範大學,地理學系(青年儲蓄帳戶組),均標,,,均標,,
國立臺灣師範大學,臺灣語文學系,前標,,,均標,,前標
國立臺灣師範大學,數學系,,前標,,均標,均標,
國立臺灣師範大學,物理學系,,--,,--,均標,
國立臺灣師範大學,物理學系國際組,,--,,均標,均標,
國立臺灣師範大學,物理學系(公費生),,--,,--,均標,
國立臺灣師範大學,化學系,,均標,,均標,均標,
國立臺灣師範大學,化學系(公費生),,均標,,均標,均標,
國立臺灣師範大學,生命科學系,均標,均標,,均標,--,
國立臺灣師範大學,生命科學系(青年儲蓄帳戶組),均標,,,均標,均標,
國立臺灣師範大學,地球科學系,--,均標,,--,均標,
國立臺灣師範大學,資訊工程學系,均標,前標,,均標,前標,
國立臺灣師範大學,資訊工程學系(APCS組),均標,前標,,均標,,
國立臺灣師範大學,資訊工程學系(資安組),均標,前標,,均標,,
國立臺灣師範大學,營養科學學士學位學程,--,--,,均標,均標,
國立臺灣師範大學,科技應用與人力資源發展學系,,均標,,均標,均標,
國立臺灣師範大學,圖文傳播學系,均標,均標,,均標,,
國立臺灣師範大學,機電工程學系,均標,前標,,均標,均標,
國立臺灣師範大學,電機工程學系,均標,前標,,前標,前標,
國立臺灣師範大學,光電工程學士學位學程,均標,前標,,前標,前標,
國立臺灣師範大學,光電工程學士學位學程(青年儲蓄帳戶組),,,,均標,均標,
國立臺灣師範大學,華語文教學系應用華語文學組,均標,,,均標,,
國立臺灣師範大學,東亞學系,均標,,均標,前標,,均標
國立臺灣師範大學,企業管理學系,均標,均標,前標,均標,,
國立臺灣師範大學,設計學系產品設計組,均標,,均標,均標,,
國立臺灣師範大學,晨光招生(學習科學學士學位學程),後標,均標,,均標,,
國立臺灣師範大學,晨光招生(生命科學系),均標,後標,後標,均標,--,
國立臺灣師範大學,晨光招生(光電工程學士學位學程),後標,均標,,後標,均標,
國立臺灣師範大學,晨光招生(企業管理學系),均標,均標,前標,均標,,
國立臺灣師範大學,晨光招生(表演藝術學系),均標,,,底標,,
國立臺灣師範大學,體育與運動科學系(青年儲蓄帳戶組),均標,,,後標,,
國立臺灣師範大學,音樂學系,後標,,,後標,,
國立臺灣師範大學,表演藝術學系,均標,,,均標,,
國立臺灣師範大學,設計學系視覺設計組,--,,,--,,
國立臺灣師範大學,美術學系繪畫組,--,,,後標,,--
國立臺灣師範大學,美術學系水墨畫組,--,,,後標,,--
國立臺灣師範大學,體育與運動科學系,均標,,,後標,後標,後標
國立中興大學,中國文學系,均標,,,均標,,--
國立中興大學,外國語文學系,均標,,,前標,,均標
國立中興大學,歷史學系,均標,,,均標,,前標
國立中興大學,台灣人文創新學士學位學程,均標,,,均標,,均標
國立中興大學,財務金融學系,均標,均標,,前標,,
國立中興大學,企業管理學系,--,均標,前標,前標,,--
國立中興大學,資訊管理學系,均標,前標,,前標,均標,
國立中興大學,資訊管理學系(APCS組),均標,前標,,前標,均標,
國立中興大學,會計學系,均標,均標,,均標,,均標
國立中興大學,行銷學系,前標,均標,前標,前標,,
國立中興大學,應用經濟學系,均標,均標,,均標,,
國立中興大學,法律學系,均標,,均標,均標,,前標
國立中興大學,化學系,--,均標,,均標,均標,
國立中興大學,物理學系一般物理組,,均標,,均標,均標,
國立中興大學,物理學系光電物理組,,均標,,均標,均標,
國立中興大學,應用數學系應用數學組,--,均標,,--,--,
國立中興大學,應用數學系數據科學與計算組,--,均標,,--,--,
國立中興大學,應用數學系數據科學與計算組(資安組),--,均標,,--,--,
國立中興大學,機械工程學系,--,均標,,均標,均標,
國立中興大學,土木工程學系,,均標,,均標,均標,
國立中興大學,環境工程學系,--,均標,,均標,均標,
國立中興大學,化學工程學系,--,均標,,均標,均標,
國立中興大學,材料科學與工程學系,--,均標,,均標,均標,
國立中興大學,智慧創意工程學士學位學程,,均標,,均標,均標,
國立中興大學,電機工程學系,,均標,,--,均標,
國立中興大學,資訊工程學系,均標,均標,,均標,--,
國立中興大學,資訊工程學系(APCS組),均標,均標,,均標,--,
國立中興大學,資訊工程學系(資安組),均標,均標,,均標,--,
國立中興大學,電機資訊學院學士班,,均標,,均標,均標,
國立中興大學,生物產業機電工程學系,,均標,,均標,均標,
國立中興大學,水土保持學系,--,均標,,均標,均標,
國立中興大學,食品暨應用生物科技學系,均標,均標,均標,均標,均標,
國立中興大學,農藝學系,均標,均標,均標,均標,均標,
國立中興大學,園藝學系,均標,,均標,均標,均標,
國立中興大學,森林學系林學組,均標,,均標,均標,均標,
國立中興大學,森林學系木材科學組,均標,,均標,均標,均標,
國立中興大學,植物病理學系,均標,--,,均標,均標,
國立中興大學,昆蟲學系,均標,均標,均標,均標,前標,
國立中興大學,動物科學系,均標,均標,,均標,均標,
國立中興大學,土壤環境科學系,,均標,均標,均標,均標,
國立中興大學,生物科技學士學位學程,均標,均標,均標,均標,前標,
國立中興大學,景觀與遊憩學士學位學程,均標,均標,均標,均標,,
國立中興大學,國際農企業學士學位學程,,均標,均標,前標,均標,
國立中興大學,生命科學系,,--,,均標,前標,
國立中興大學,獸醫學系,均標,均標,,前標,均標,
國立中興大學,興翼招生A組(商學管理),均標,均標,均標,均標,,
國立中興大學,興翼招生B組(文史法律),均標,,,均標,,均標
國立中興大學,興翼招生C組(化學數學),,均標,,均標,均標,
國立中興大學,興翼招生D組(化材電資暨工程),,均標,,均標,均標,
國立中興大學,興翼招生E組(生物資源暨農業科技),,均標,均標,均標,均標,
國立中興大學,興翼招生F組(生物科技暨獸醫),,均標,,均標,均標,
國立成功大學,中國文學系,頂標,,,均標,,前標
國立成功大學,外國語文學系,前標,,--,頂標,,均標
國立成功大學,歷史學系,前標,,--,前標,,前標
國立成功大學,台灣文學系,前標,,均標,前標,,前標
國立成功大學,數學系,,前標,,均標,均標,
國立成功大學,物理學系,均標,均標,,均標,均標,
國立成功大學,化學系,,前標,,前標,前標,
國立成功大學,地球科學系,--,均標,,均標,均標,
國立成功大學,光電科學與工程學系,均標,前標,,均標,前標,
國立成功大學,機械工程學系,均標,前標,,均標,前標,
國立成功大學,機械工程學系(普渡雙聯組),均標,前標,,頂標,前標,
國立成功大學,化學工程學系,,前標,,前標,前標,
國立成功大學,材料科學及工程學系,--,前標,,前標,前標,
國立成功大學,資源工程學系,均標,均標,,均標,均標,
國立成功大學,土木工程學系,均標,均標,,均標,均標,
國立成功大學,土木工程學系(普渡雙聯組),均標,均標,,前標,均標,
國立成功大學,水利及海洋工程學系,均標,前標,,均標,前標,
國立成功大學,水利及海洋工程學系(普渡雙聯組),均標,前標,,前標,前標,
國立成功大學,工程科學系,,前標,,前標,前標,
國立成功大學,系統及船舶機電工程學系,均標,前標,,前標,前標,
國立成功大學,航空太空工程學系,--,前標,,均標,前標,
國立成功大學,能源工程國際學士學位學程,--,前標,,前標,前標,
國立成功大學,環境工程學系,均標,前標,,前標,前標,
國立成功大學,環境工程學系(普渡雙聯組),均標,前標,,頂標,前標,
國立成功大學,測量及空間資訊學系,均標,均標,,均標,均標,
國立成功大學,測量及空間資訊學系(普渡雙聯組),均標,均標,,前標,均標,
國立成功大學,生物醫學工程學系,,前標,,前標,前標,
國立成功大學,工業與資訊管理學系,前標,前標,,前標,,
國立成功大學,交通管理科學系,均標,前標,,前標,均標,
國立成功大學,統計與資料科學學系,均標,前標,,前標,,
國立成功大學,會計學系,均標,均標,,前標,,均標
國立成功大學,企業管理學系,均標,,均標,前標,,
國立成功大學,醫學系,頂標,頂標,,頂標,頂標,
國立成功大學,醫學系(公費生),頂標,頂標,,頂標,頂標,
國立成功大學,牙醫學系,頂標,頂標,,頂標,頂標,
國立成功大學,醫學檢驗生物技術學系,均標,均標,,均標,均標,
國立成功大學,護理學系,均標,--,,均標,均標,
國立成功大學,物理治療學系,--,--,,均標,均標,
國立成功大學,職能治療學系,均標,--,,前標,均標,
國立成功大學,藥學系,均標,均標,,均標,均標,
國立成功大學,政治學系,均標,均標,均標,均標,,均標
國立成功大學,經濟學系,均標,均標,,均標,,
國立成功大學,法律學系,前標,,均標,前標,,前標
國立成功大學,法律學系(青年儲蓄帳戶組),前標,,,前標,,前標
國立成功大學,心理學系,--,均標,,均標,均標,
國立成功大學,電機工程學系(甲組),,前標,,均標,前標,
國立成功大學,電機工程學系(乙組),,前標,,--,前標,
國立成功大學,電機工程學系(普渡雙聯組),,前標,,前標,前標,
國立成功大學,資訊工程學系,,前標,,均標,前標,
國立成功大學,資訊工程學系(智慧系統組),,前標,,均標,,
國立成功大學,資訊工程學系(普渡雙聯組),,前標,,前標,前標,
國立成功大學,建築學系,均標,均標,,均標,,
國立成功大學,都市計劃學系,均標,前標,,均標,,
國立成功大學,工業設計學系,均標,均標,,均標,均標,
國立成功大學,生命科學系,均標,均標,,均標,前標,
國立成功大學,生物科技與產業科學系,均標,,,均標,前標,
國立成功大學,生物科技與產業科學系(青年儲蓄帳戶組),,,,均標,前標,
國立成功大學,生物科技與產業科學系(APCS組),均標,均標,,均標,前標,
國立成功大學,全校不分系學士學位學程,前標,頂標,,前標,前標,
國立成功大學,全校不分系學士學位學程(運動科學組),均標,均標,,均標,均標,
國立成功大學,成星招生甲組(文社),均標,,,均標,,均標
國立成功大學,成星招生乙組(管理),均標,,均標,均標,,
國立成功大學,成星招生丙組(理),,均標,,均標,均標,
國立成功大學,成星招生丁組(工),,均標,,均標,均標,
國立成功大學,成星招生戊組(生醫),,均標,,均標,均標,
東吳大學,中國文學系,後標,,,--,,後標
東吳大學,歷史學系,底標,,,底標,,底標
東吳大學,哲學系,後標,,,後標,,--
東吳大學,政治學系,均標,後標,後標,後標,,後標
東吳大學,社會學系,,,--,--,,均標
東吳大學,社會工作學系,--,,,--,,後標
東吳大學,英文學系,均標,,,均標,,
東吳大學,日本語文學系,均標,,,--,,--
東吳大學,德國文化學系,,,,後標,,
東吳大學,數學系,--,後標,,,,
東吳大學,物理學系,,底標,,--,,
東吳大學,化學系,,--,,--,後標,
東吳大學,微生物學系,,,,後標,--,
東吳大學,心理學系,後標,後標,,後標,,
東吳大學,法律學系,前標,均標,均標,前標,,均標
東吳大學,經濟學系,,,均標,--,,
東吳大學,會計學系,均標,,均標,均標,,
東吳大學,企業管理學系,--,,後標,均標,,
東吳大學,國際經營與貿易學系,均標,後標,後標,均標,,
東吳大學,財務工程與精算數學系,--,均標,均標,後標,,
東吳大學,資訊管理學系(資訊管理組),--,後標,均標,後標,,
東吳大學,資訊管理學系(人工智慧組),後標,後標,均標,--,,
東吳大學,資訊管理學系(APCS組),,,後標,後標,,
東吳大學,資料科學系,,後標,後標,後標,,
東吳大學,音樂學系,底標,,,底標,,
國立政治大學,中國文學系,前標,,,前標,,前標
國立政治大學,歷史學系,前標,,,前標,,前標
國立政治大學,哲學系,前標,,,前標,,
國立政治大學,教育學系,均標,,--,前標,,--
國立政治大學,政治學系,,均標,均標,均標,,均標
國立政治大學,社會學系,,均標,均標,均標,,均標
國立政治大學,財政學系,前標,前標,,前標,,
國立政治大學,公共行政學系,前標,均標,前標,前標,,前標
國立政治大學,地政學系土地資源規劃組,前標,前標,,前標,,前標
國立政治大學,地政學系土地管理組,前標,前標,,前標,,前標
國立政治大學,地政學系土地測量與資訊組,前標,前標,,前標,前標,
國立政治大學,經濟學系,,前標,,前標,,--
國立政治大學,民族學系,前標,,,前標,,前標
國立政治大學,外交學系,前標,後標,均標,前標,,前標
國立政治大學,國際經營與貿易學系,前標,前標,,前標,,前標
國立政治大學,金融學系,前標,前標,,前標,,
國立政治大學,會計學系,前標,前標,,前標,,前標
國立政治大學,統計學系(甲組),前標,前標,,前標,,--
國立政治大學,統計學系(乙組),前標,前標,,前標,--,
國立政治大學,企業管理學系,前標,前標,頂標,前標,,--
國立政治大學,資訊管理學系,前標,前標,,前標,,
國立政治大學,財務管理學系,前標,前標,,前標,,
國立政治大學,風險管理與保險學系,前標,前標,,前標,,--
國立政治大學,傳播學院大一大二不分系(社會組),前標,,--,前標,,--
國立政治大學,傳播學院大一大二不分系(自然組),--,前標,,前標,--,
國立政治大學,英國語文學系,前標,,--,頂標,,--
國立政治大學,阿拉伯語文學系,前標,,,頂標,,--
國立政治大學,斯拉夫語文學系,前標,,,前標,,前標
國立政治大學,日本語文學系,前標,,,前標,,前標
國立政治大學,韓國語文學系,前標,,--,前標,,前標
國立政治大學,土耳其語文學系,前標,,,前標,,均標
國立政治大學,歐洲語文學系法文組,前標,,--,前標,,前標
國立政治大學,歐洲語文學系德文組,前標,,--,前標,,前標
國立政治大學,歐洲語文學系西班牙文組,前標,,--,前標,,前標
國立政治大學,東南亞語文學系越文組,前標,,,前標,,均標
國立政治大學,東南亞語文學系泰文組,前標,,,前標,,均標
國立政治大學,東南亞語文學系印尼文組,前標,,,前標,,均標
國立政治大學,法律學系,均標,,均標,前標,,前標
國立政治大學,應用數學系,,前標,,均標,均標,
國立政治大學,心理學系,均標,均標,,均標,均標,
國立政治大學,資訊科學系,,前標,,均標,均標,
國立政治大學,資訊科學系(跨領域組),,前標,,均標,,均標
國立政治大學,資訊科學系(APCS組),,前標,,均標,均標,
國立政治大學,資訊科學系(資安組),,前標,,均標,,
國立政治大學,創新國際學院學士班,均標,,均標,頂標,,前標
國立政治大學,政星招生(甲組),均標,,--,均標,,均標
國立政治大學,政星招生(乙組),均標,均標,,均標,,
高雄醫學大學,醫學系,前標,頂標,,頂標,頂標,
高雄醫學大學,運動醫學系,,,,均標,--,
高雄醫學大學,呼吸治療學系,均標,後標,,均標,均標,
高雄醫學大學,牙醫學系,前標,前標,,前標,前標,
高雄醫學大學,口腔衛生學系,均標,--,,後標,均標,
高雄醫學大學,口腔衛生學系(英語組),均標,--,,均標,均標,
高雄醫學大學,藥學系,均標,均標,,均標,前標,
高雄醫學大學,香粧品學系,--,--,,後標,後標,
高雄醫學大學,護理學系,--,底標,底標,底標,底標,
高雄醫學大學,公共衛生學系,--,均標,,均標,--,
高雄醫學大學,醫學檢驗生物技術學系,均標,,,均標,均標,
高雄醫學大學,醫學影像暨放射科學系,--,均標,,均標,後標,
高雄醫學大學,職能治療學系,均標,,,均標,均標,
高雄醫學大學,物理治療學系,,均標,,均標,均標,
高雄醫學大學,醫務管理暨醫療資訊學系,--,底標,底標,--,,
高雄醫學大學,醫務管理暨醫療資訊學系(APCS組),--,底標,後標,--,,
高雄醫學大學,醫藥暨應用化學系應用化學組,,--,,--,均標,
高雄醫學大學,醫藥暨應用化學系醫藥化學組,,--,,--,均標,
高雄醫學大學,生物醫學暨環境生物學系,後標,後標,,均標,均標,
高雄醫學大學,生物科技學系,後標,後標,,均標,均標,
高雄醫學大學,生命科學院學士班(英語組),,--,,均標,均標,
高雄醫學大學,心理學系,,後標,後標,均標,,
高雄醫學大學,醫學社會學與社會工作學系,均標,,,後標,,--
高雄醫學大學,薪火招生(醫學系),前標,前標,,前標,前標,
高雄醫學大學,薪火招生(牙醫學系),均標,前標,,前標,前標,
高雄醫學大學,薪火招生(藥學系),均標,均標,,前標,前標,
高雄醫學大學,薪火招生(運動醫學系),--,,,,均標,
高雄醫學大學,薪火招生B組(醫事證照類),均標,--,,,均標,
高雄醫學大學,薪火招生C組(應化、醫化與香粧品學系),--,--,,,均標,
高雄醫學大學,薪火招生D組(人文社會科學類),--,,,均標,,
高雄醫學大學,薪火招生E組(生命科學類),--,,,,後標,
高雄醫學大學,薪火招生F組(口衛、公衛與醫管資學系),--,後標,均標,,後標,
中原大學,應用數學系,--,後標,,,,
中原大學,物理學系物理組,,後標,,,後標,
中原大學,物理學系光電與材料科學組,,後標,,,後標,
中原大學,化學系化學組,,後標,,--,後標,
中原大學,化學系材料化學組,,後標,,--,後標,
中原大學,心理學系,--,後標,,後標,,
中原大學,生物科技學系,,,,--,後標,
中原大學,化學工程學系綠能製程組,,--,,後標,後標,
中原大學,化學工程學系生化工程組,,--,,後標,後標,
中原大學,化學工程學系材料工程組,,--,,後標,後標,
中原大學,土木工程學系,--,後標,,--,,
中原大學,機械工程學系,--,--,,,後標,
中原大學,生物醫學工程學系,,底標,,,--,
中原大學,環境工程學系,--,後標,後標,--,後標,
中原大學,電機資訊學院學士班,--,後標,,後標,--,
中原大學,工業與系統工程學系工程組,後標,--,,--,,
中原大學,工業與系統工程學系管理組,後標,底標,底標,--,,
中原大學,電子工程學系,,--,,--,後標,
中原大學,資訊工程學系,,--,,後標,,
中原大學,電機工程學系,後標,--,,--,--,
中原大學,中原大學美國威大密爾瓦基分校電機與資訊工程雙學士學位學程,--,後標,,後標,--,
中原大學,電機資訊學院智慧運算與大數據學士班,,後標,,--,,
中原大學,企業管理學系服務業管理組,後標,,,--,,--
中原大學,企業管理學系高科技業管理組,後標,,,--,,--
中原大學,企業管理學系工商管理組,後標,,,--,,--
中原大學,國際經營與貿易學系,--,,,--,,後標
中原大學,會計學系,--,,後標,--,,--
中原大學,資訊管理學系,--,底標,底標,--,,
中原大學,財務金融學系,後標,,--,--,,--
中原大學,中原大學與美國天普大學商學管理雙學士學位學程,--,後標,後標,後標,,
中原大學,財經法律學系財貿法組,後標,,,後標,,--
中原大學,財經法律學系科技法組,後標,,,後標,,--
中原大學,建築學系,--,--,,後標,,
中原大學,室內設計學系,後標,,,後標,,
中原大學,商業設計學系商業設計組,--,,,後標,,
中原大學,商業設計學系產品設計組乙類,--,,,--,後標,
中原大學,地景建築學系,--,後標,後標,後標,,
中原大學,英國牛津布魯克斯大學建築及都市設計雙學士學位學程,,,,後標,,
中原大學,特殊教育學系,後標,,,--,,
中原大學,應用外國語文學系,--,,,後標,,
中原大學,應用華語文學系,後標,,,--,,
中原大學,半導體產業學士學位學程,,--,,--,後標,
中原大學,商業設計學系產品設計組甲類,,,,,,
東海大學,中國文學系,後標,,,,,--
東海大學,外國語文學系,--,,,後標,,
東海大學,歷史學系,,,,,,均標
東海大學,日本語言文化學系,--,,,後標,,
東海大學,哲學系,--,,,底標,,--
東海大學,應用物理學系,,底標,,,,
東海大學,化學系化學組,,,,後標,後標,
東海大學,化學系化學生物組,,,,後標,後標,
東海大學,生命科學系(生物醫學組),,,,--,均標,
東海大學,生命科學系(生態暨生物多樣性組),--,,,--,後標,
東海大學,智慧計算暨應用數學系(A組),--,後標,,,,
東海大學,智慧計算暨應用數學系(B組),--,,後標,,,
東海大學,化學工程與材料工程學系,--,--,,--,後標,
東海大學,工業工程與經營資訊學系(智慧設計與生產組),--,後標,,--,,
東海大學,工業工程與經營資訊學系(智慧經營與管理組),--,,--,後標,,
東海大學,環境科學與工程學系,--,底標,底標,--,後標,
東海大學,資訊工程學系,,後標,,--,--,
東海大學,資訊工程學系(APCS組),,後標,,--,--,
東海大學,電機工程學系,--,底標,底標,--,,
東海大學,企業管理學系,後標,,,--,,
東海大學,國際經營與貿易學系,--,,--,後標,,
東海大學,會計學系,後標,,--,--,,後標
東海大學,財務金融學系,--,,--,後標,,
東海大學,統計學系(巨量資料管理組),--,後標,,,,
東海大學,統計學系(決策管理組),--,,後標,,,
東海大學,資訊管理學系,後標,後標,後標,後標,,
東海大學,經濟學系,--,,--,底標,,
東海大學,政治學系,--,,,--,,底標
東海大學,行政管理暨政策學系,--,,,,,後標
東海大學,社會學系,--,,,,,底標
東海大學,社會工作學系,--,,,,,底標
東海大學,畜產與生物科技學系,--,,,--,後標,
東海大學,食品科學系,,,,--,後標,
東海大學,餐旅管理學系,,,,底標,,--
東海大學,高齡健康與運動科學學士學位學程,底標,,,底標,,
東海大學,建築學系,--,均標,均標,--,,
東海大學,工業設計學系(A組),--,,,均標,--,
東海大學,工業設計學系(B組),--,,,均標,,--
東海大學,景觀學系,後標,,,--,,
東海大學,法律學系,均標,後標,後標,均標,,--
東海大學,國際學院國際經營管理學位學程,--,,,後標,,
東海大學,永續科學與管理學士學位學程,--,,,後標,,
東海大學,音樂學系(演奏唱組),,,,,,
東海大學,音樂學系(音樂治療組),底標,,,底標,,
東海大學,美術學系,後標,,,--,,--
國立清華大學,中國文學系甲組(一般組),前標,,均標,前標,,前標
國立清華大學,中國文學系乙組(華語文教學組),前標,,均標,前標,,均標
國立清華大學,外國語文學系,前標,,均標,前標,,均標
國立清華大學,人文社會學院學士班,前標,,均標,前標,,前標
國立清華大學,教育與學習科技學系,前標,,均標,前標,,前標
國立清華大學,教育與學習科技學系(公費生),頂標,,前標,頂標,,頂標
國立清華大學,幼兒教育學系,前標,,,前標,,前標
國立清華大學,教育心理與諮商學系,均標,,均標,前標,,
國立清華大學,教育心理與諮商學系(公費生),前標,,均標,頂標,,
國立清華大學,特殊教育學系,前標,,,前標,,前標
國立清華大學,英語教學系,前標,,均標,頂標,,均標
國立清華大學,竹師教育學院學士班,均標,均標,前標,前標,,
國立清華大學,環境與文化資源學系,前標,,均標,前標,,前標
國立清華大學,經濟學系,前標,前標,,前標,,
國立清華大學,科技管理學院學士班,前標,前標,,前標,,
國立清華大學,計量財務金融學系,前標,前標,,前標,,
國立清華大學,數學系甲組(數學組),,前標,,均標,前標,
國立清華大學,數學系乙組(應用數學組),,前標,,均標,均標,
國立清華大學,物理學系物理組(甲組一般組),均標,前標,,前標,前標,
國立清華大學,物理學系物理組(乙組天文物理組),均標,前標,,前標,--,
國立清華大學,物理學系光電物理組,均標,前標,,前標,--,
國立清華大學,化學系,,前標,,前標,前標,
國立清華大學,理學院學士班,均標,--,,均標,--,
國立清華大學,生醫工程與環境科學系,均標,均標,,前標,前標,
國立清華大學,工程與系統科學系甲組(低碳綠能組),均標,前標,,前標,前標,
國立清華大學,工程與系統科學系乙組(智慧奈米系統組),--,前標,,前標,前標,
國立清華大學,原子科學院學士班,前標,前標,,前標,前標,
國立清華大學,化學工程學系,,前標,,前標,前標,
國立清華大學,動力機械工程學系,均標,前標,,前標,前標,
國立清華大學,材料科學工程學系,,前標,,頂標,前標,
國立清華大學,工業工程與工程管理學系,均標,前標,,前標,前標,
國立清華大學,工學院學士班,前標,前標,,頂標,頂標,
國立清華大學,電機工程學系甲組,,頂標,,頂標,頂標,
國立清華大學,電機工程學系乙組,,頂標,,均標,頂標,
國立清華大學,資訊工程學系甲組(電子資訊組),前標,前標,,前標,前標,
國立清華大學,資訊工程學系乙組(資訊工程組),均標,頂標,,均標,前標,
國立清華大學,資訊工程學系丙組(人工智慧組),,前標,,前標,前標,
國立清華大學,資訊工程學系(APCS組),,前標,,--,--,
國立清華大學,資訊工程學系(資安組),,前標,,--,--,
國立清華大學,電機資訊學院學士班,,前標,,前標,前標,
國立清華大學,生命科學系,,前標,,前標,前標,
國立清華大學,醫學科學系,均標,均標,,前標,前標,
國立清華大學,生命科學暨醫學院學士班,均標,前標,,前標,前標,
國立清華大學,清華學院學士班甲組(不分系招生–創新設計),均標,均標,,前標,均標,
國立清華大學,清華學院學士班乙組(青年儲蓄帳戶組),前標,,,前標,前標,
國立清華大學,旭日招生甲組(人文、教育),均標,,,均標,,均標
國立清華大學,旭日招生乙組(科管),均標,均標,均標,均標,,
國立清華大學,旭日招生丙組(理工、原科、生科),,前標,,均標,均標,
國立清華大學,旭日招生丁組(電資院),,前標,,前標,前標,
國立清華大學,運動科學系,均標,均標,,均標,,
國立清華大學,運動科學系(公費生),均標,均標,,均標,,
國立清華大學,藝術學院學士班(科技藝術組),--,均標,均標,前標,,
國立清華大學,藝術學院學士班(音樂組),均標,均標,均標,前標,,
國立清華大學,藝術學院學士班(創意媒體實踐組),均標,均標,均標,均標,,
國立清華大學,音樂學系,--,,,--,,
國立清華大學,藝術與設計學系創作組,--,,,--,,
國立清華大學,藝術與設計學系設計組,均標,,,前標,,
中國醫藥大學,牙醫學系,前標,前標,,,前標,前標
中國醫藥大學,醫學系,前標,頂標,,,頂標,前標
中國醫藥大學,中醫學系甲組,前標,頂標,,,頂標,前標
中國醫藥大學,中醫學系乙組,前標,頂標,,,頂標,前標
中國醫藥大學,藥學系,--,均標,,均標,均標,
中國醫藥大學,護理學系,後標,,,後標,後標,
中國醫藥大學,醫學檢驗生物技術學系,,,,後標,後標,
中國醫藥大學,營養學系,,,,後標,後標,
中國醫藥大學,物理治療學系,,,,後標,後標,
中國醫藥大學,生物科技學系,,,,後標,後標,
中國醫藥大學,運動醫學系,,,,後標,後標,
中國醫藥大學,中國藥學暨中藥資源學系,後標,,,--,,
中國醫藥大學,藥用化妝品學系,,,,後標,後標,
中國醫藥大學,生物醫學影像暨放射科學學系,,,,後標,--,
中國醫藥大學,公共衛生學院大一不分系,後標,,,後標,,
中國醫藥大學,生物醫學工程學系,,,,後標,後標,
中國醫藥大學,醫療資訊學系,,,,後標,後標,
國立陽明交通大學,電機工程學系甲組(電資國際組),,頂標,,頂標,頂標,
國立陽明交通大學,電機工程學系乙組(電機工程組),,前標,,前標,前標,
國立陽明交通大學,電機工程學系丙組(醫學電資組),,前標,,頂標,頂標,
國立陽明交通大學,光電工程學系甲組(智慧系統組),,前標,,前標,前標,
國立陽明交通大學,光電工程學系乙組(半導體光電組),,前標,,前標,前標,
國立陽明交通大學,資訊工程學系(甲組),均標,頂標,,前標,頂標,
國立陽明交通大學,資訊工程學系(乙組),均標,頂標,,前標,前標,
國立陽明交通大學,資訊工程學系(APCS組),,前標,,,均標,
國立陽明交通大學,資訊工程學系(資安組),,前標,,,均標,
國立陽明交通大學,半導體工程學系固態電子組,,前標,,前標,前標,
國立陽明交通大學,半導體工程學系奈米科學組,,前標,,前標,前標,
國立陽明交通大學,材料科學與工程學系,,--,,前標,前標,
國立陽明交通大學,機械工程學系,均標,前標,,均標,前標,
國立陽明交通大學,土木工程學系甲組(科技暨基礎建設永續發展組),均標,前標,,均標,均標,
國立陽明交通大學,土木工程學系乙組(科技暨基礎建設永續發展國際組),均標,前標,,前標,均標,
國立陽明交通大學,理學院科學學士學位學程(乙組),均標,前標,,前標,前標,
國立陽明交通大學,理學院科學學士學位學程(丙組),,前標,,前標,前標,
國立陽明交通大學,電子物理學系光電與奈米科學組,前標,前標,,前標,前標,
國立陽明交通大學,電子物理學系電子物理組,,前標,,前標,前標,
國立陽明交通大學,應用化學系,均標,均標,,均標,前標,
國立陽明交通大學,應用數學系,,頂標,,均標,均標,
國立陽明交通大學,生物科技學系(甲組),,--,,--,前標,
國立陽明交通大學,生物科技學系(乙組),,前標,,--,--,
國立陽明交通大學,資訊管理與財務金融學系資訊管理組,,前標,,前標,前標,
國立陽明交通大學,資訊管理與財務金融學系財務金融組,前標,前標,,前標,,
國立陽明交通大學,管理科學系,前標,前標,,前標,,
國立陽明交通大學,運輸與物流管理學系,均標,前標,,前標,均標,
國立陽明交通大學,工業工程與管理學系,,前標,,均標,均標,
國立陽明交通大學,外國語文學系甲組(跨域人文組),前標,,--,頂標,,--
國立陽明交通大學,外國語文學系乙組(語言科學組),均標,,均標,前標,,
國立陽明交通大學,傳播與科技學系,前標,,--,前標,,前標
國立陽明交通大學,人文社會學系,均標,,,前標,,均標
國立陽明交通大學,屯蒙-電機資訊組,均標,前標,,均標,前標,
國立陽明交通大學,屯蒙-工程組,,前標,,均標,前標,
國立陽明交通大學,屯蒙-理學生物科技組,,均標,,均標,均標,
國立陽明交通大學,屯蒙-管理組,均標,均標,,均標,,
國立陽明交通大學,屯蒙-人文社會組,均標,,,均標,,均標
國立陽明交通大學,屯蒙-醫學組,,前標,,前標,前標,
國立陽明交通大學,屯蒙-牙醫組,,前標,,前標,前標,
國立陽明交通大學,屯蒙-醫事證照組,,均標,,均標,均標,
國立陽明交通大學,屯蒙-生醫科學組,,均標,,均標,均標,
國立陽明交通大學,醫學系醫師組,頂標,頂標,,頂標,頂標,
國立陽明交通大學,醫學系醫師科學家組,,前標,,頂標,頂標,
國立陽明交通大學,醫學系醫師工程師組,前標,--,,頂標,頂標,
國立陽明交通大學,醫學系(公費生),頂標,頂標,,頂標,頂標,
國立陽明交通大學,牙醫學系,前標,前標,,頂標,頂標,
國立陽明交通大學,醫學生物技術暨檢驗學系(生技及檢驗醫學組),--,均標,,均標,均標,
國立陽明交通大學,醫學生物技術暨檢驗學系(資訊及精準醫學組),,均標,,均標,--,
國立陽明交通大學,生物醫學影像暨放射科學系,,均標,,均標,均標,
國立陽明交通大學,護理學系,,--,,均標,均標,
國立陽明交通大學,物理治療暨輔助科技學系,均標,均標,,前標,均標,
國立陽明交通大學,生命科學系暨基因體科學研究所(生物醫學科學組),,,,均標,均標,
國立陽明交通大學,生命科學系暨基因體科學研究所(生醫光電與資訊組),,均標,,均標,均標,
國立陽明交通大學,生物醫學工程學系,,均標,,--,均標,
國立陽明交通大學,藥學系,均標,均標,,均標,均標,
國立陽明交通大學,學士班大一大二不分系,,均標,,均標,均標,
國立陽明交通大學,中醫學系,前標,前標,,前標,前標,
淡江大學,中國文學學系,後標,,,,,--
淡江大學,歷史學系,--,,,,,後標
淡江大學,資訊與圖書館學系,--,,,後標,,
淡江大學,大眾傳播學系,後標,,,,,--
淡江大學,資訊傳播學系,後標,,,--,,
淡江大學,教育科技學系,後標,,,--,,
淡江大學,教育與未來設計學系,後標,,,,,--
淡江大學,英文學系,--,,,底標,,
淡江大學,英文學系全英語學士班,,,,底標,,--
淡江大學,歐洲語文學系法文組,--,,,後標,,
淡江大學,歐洲語文學系德文組,--,,,後標,,
淡江大學,歐洲語文學系西文組,--,,,後標,,
淡江大學,歐洲語文學系俄文組,,,,--,,後標
淡江大學,日本語文學系,後標,,,,,--
淡江大學,財務金融學系,--,,底標,--,,--
淡江大學,財務金融學系全球財務管理全英語學士班,--,,--,後標,,
淡江大學,國際企業學系經貿管理組,--,,,後標,,--
淡江大學,國際企業學系國際商學全英語組,--,,,均標,,--
淡江大學,風險管理與保險學系,底標,,--,,,
淡江大學,經濟學系,後標,,--,--,,
淡江大學,會計學系,後標,,,--,,--
淡江大學,企業管理學系,後標,,,--,,--
淡江大學,企業管理學系全英語學士班,--,,,均標,,
淡江大學,統計與資料科學學系,--,,底標,,,
淡江大學,資訊管理學系,--,,後標,--,,
淡江大學,運輸管理學系,--,,底標,--,,--
淡江大學,公共行政暨法律學系,--,,,,,後標
淡江大學,管理科學學系,底標,,--,--,,
淡江大學,外交與國際關係學系全英語學士班,--,,,均標,,--
淡江大學,國際觀光管理學系全英語學士班,,,,後標,,
淡江大學,全球政治經濟學系全英語學士班,--,,,後標,,
淡江大學,應用數學與數據科學學系,,底標,,--,,
淡江大學,化學學系,,,,--,後標,
淡江大學,物理學系(量子材料組),,後標,,,--,
淡江大學,物理學系(天文與基礎物理組),,後標,,--,後標,
淡江大學,建築學系,後標,後標,後標,後標,,
淡江大學,土木工程學系,--,--,,後標,--,
淡江大學,資訊工程學系A組,,後標,,--,--,
淡江大學,資訊工程學系B組,,後標,,後標,--,
淡江大學,資訊工程學系全英語學士班,,,後標,--,,
淡江大學,機械與機電工程學系,--,底標,,--,--,
淡江大學,電機工程學系(電機資訊組),--,後標,,--,--,
淡江大學,電機工程學系(電機通訊組),--,後標,,,--,
淡江大學,電機工程學系(電機與系統組),,後標,,--,--,
淡江大學,化學工程與材料工程學系,,--,,,後標,
淡江大學,航空太空工程學系,,後標,均標,--,後標,
淡江大學,水資源及環境工程學系,--,後標,,,後標,
淡江大學,人工智慧學系,--,後標,均標,--,--,
淡江大學,資訊工程學系(APCS組),,後標,,--,--,
淡江大學,電機工程學系(APCS組),,後標,,--,,
淡江大學,人工智慧學系(APCS組),--,後標,均標,--,,
淡江大學,資訊管理學系(APCS組),--,,後標,--,,
淡江大學,教育與未來設計學系(青年儲蓄帳戶組),後標,,,,,
淡江大學,會計學系(青年儲蓄帳戶組),後標,,,後標,,
淡江大學,管理科學學系(青年儲蓄帳戶組),底標,,,,,
淡江大學,建築學系(青年儲蓄帳戶組),後標,,,後標,,
逢甲大學,機械與電腦輔助工程學系,--,--,,,後標,
逢甲大學,纖維與複合材料學系,--,--,,,後標,
逢甲大學,工業工程與系統管理學系A組,--,後標,,--,,
逢甲大學,工業工程與系統管理學系B組,--,,後標,--,,
逢甲大學,化學工程學系,--,--,,後標,後標,
逢甲大學,航太與系統工程學系,--,--,,--,後標,
逢甲大學,精密系統設計學士學位學程,--,--,,後標,,
逢甲大學,應用數學系A組,--,後標,,--,,
逢甲大學,應用數學系B組,--,,後標,--,,
逢甲大學,材料科學與工程學系,--,--,,後標,後標,
逢甲大學,環境工程與科學學系,--,--,,,後標,
逢甲大學,光電科學與工程學系,--,後標,,後標,--,
逢甲大學,會計學系,--,,--,後標,,後標
逢甲大學,國際經營與貿易學系,--,,後標,後標,,--
逢甲大學,國際企業管理全英語學士學位學程,--,,--,後標,,--
逢甲大學,財稅學系,--,,--,後標,,後標
逢甲大學,合作經濟暨社會事業經營學系,--,,--,後標,,後標
逢甲大學,統計學系商業大數據組,--,,後標,--,,
逢甲大學,統計學系大數據分析與市場決策組,後標,,後標,--,,
逢甲大學,經濟學系,--,,後標,後標,,--
逢甲大學,企業管理學系,後標,,--,後標,,
逢甲大學,行銷學系,後標,,,後標,,
逢甲大學,中國文學系,均標,,,後標,,--
逢甲大學,外國語文學系,--,,,均標,,--
逢甲大學,資訊工程學系,--,後標,,後標,,
逢甲大學,資訊工程學系(APCS組),--,後標,,後標,,
逢甲大學,資訊工程學系(資安組),--,後標,,後標,,
逢甲大學,電子工程學系,--,後標,,後標,--,
逢甲大學,電機工程學系,--,後標,,後標,--,
逢甲大學,自動控制工程學系,--,後標,,後標,,
逢甲大學,資訊電機學院學士班,--,後標,,後標,,
逢甲大學,通訊工程學系,--,後標,,後標,,
逢甲大學,土木工程學系,--,後標,,後標,--,
逢甲大學,水利工程與資源保育學系,--,後標,,後標,,
逢甲大學,都市計畫與空間資訊學系,後標,,--,後標,,後標
逢甲大學,運輸與物流學系,後標,,後標,後標,,
逢甲大學,土地管理學系,後標,,--,後標,,後標
逢甲大學,財務金融學系,--,,後標,後標,,
逢甲大學,風險管理與保險學系,後標,,--,後標,,
逢甲大學,財務工程與精算學士學位學程,--,,後標,後標,,
逢甲大學,金融學院學士班,--,,後標,後標,,
逢甲大學,室內設計學士學位學程,均標,,--,後標,,
逢甲大學,建築專業學院學士班,均標,--,,後標,,
逢甲大學,澳洲墨爾本皇家理工大學商學與創新雙學士學位學程,,,後標,均標,,
逢甲大學,澳洲昆士蘭大學商學雙學士學位學程,,,均標,均標,,
逢甲大學,澳洲新南威爾斯大學設計雙學士學位學程,,,,均標,,
逢甲大學,澳洲昆士蘭大學電機工程雙學士學位學程,,均標,,均標,,
逢甲大學,澳洲蒙納許大學資訊工程雙學士學位學程,,後標,,均標,,
逢甲大學,美國加州聖荷西州立大學商學大數據分析雙學士學位學程,,,後標,均標,,
逢甲大學,美國加州聖荷西州立大學電機工程雙學士學位學程,,後標,,均標,,
逢甲大學,美國加州舊金山州立大學資訊工程雙學士學位學程,,後標,,均標,,
逢甲大學,人工智慧技術與應用學士學位學程,--,後標,,後標,,
逢甲大學,人工智慧技術與應用學士學位學程(資安組),--,後標,,後標,,
國立中央大學,中國文學系,前標,,,均標,,均標
國立中央大學,英美語文學系,均標,,,前標,,均標
國立中央大學,法國語文學系,前標,,,前標,,前標
國立中央大學,文學院學士班,前標,,--,前標,,均標
國立中央大學,數學系數學科學組,,前標,,均標,均標,
國立中央大學,數學系計算與資料科學組,,前標,,均標,均標,
國立中央大學,物理學系,,均標,,均標,均標,
國立中央大學,化學學系,均標,均標,,均標,均標,
國立中央大學,光電科學與工程學系,均標,均標,,均標,均標,
國立中央大學,理學院學士班,均標,均標,,均標,均標,
國立中央大學,土木工程學系,均標,均標,,均標,均標,
國立中央大學,機械工程學系先進材料與精密製造組,,均標,,均標,均標,
國立中央大學,機械工程學系光機電工程組,,均標,,均標,均標,
國立中央大學,機械工程學系智慧系統與永續能源組,,均標,,均標,均標,
國立中央大學,機械工程學系前瞻半導體國際組,,均標,,均標,均標,
國立中央大學,化學工程與材料工程學系,,均標,,均標,頂標,
國立中央大學,工學院學士班,,,,,均標,均標
國立中央大學,企業管理學系,前標,,前標,前標,,--
國立中央大學,資訊管理學系,均標,均標,,均標,--,
國立中央大學,資訊管理學系(APCS組),均標,前標,,前標,均標,
國立中央大學,經濟學系,均標,,前標,均標,,
國立中央大學,財務金融學系,前標,,前標,前標,,均標
國立中央大學,電機工程學系,均標,前標,,前標,前標,
國立中央大學,資訊工程學系,均標,前標,,前標,前標,
國立中央大學,資訊工程學系(APCS組),,前標,,均標,前標,
國立中央大學,資訊工程學系(資安組),,前標,,均標,前標,
國立中央大學,通訊工程學系,均標,前標,,前標,前標,
國立中央大學,資訊電機學院學士班,均標,前標,,前標,前標,
國立中央大學,大氣科學學系,均標,前標,,均標,前標,
國立中央大學,太空科學與工程學系,均標,前標,,均標,前標,
國立中央大學,地球科學學系,均標,前標,,均標,前標,
國立中央大學,地球科學學院學士班,均標,前標,,均標,前標,
國立中央大學,客家語文暨社會科學學系客家語文及傳播組,前標,,--,均標,,前標
國立中央大學,客家語文暨社會科學學系客家社會及政策組,前標,,--,均標,,前標
國立中央大學,法律與政府學系,前標,,均標,前標,,前標
國立中央大學,生命科學系,,均標,,均標,前標,
國立中央大學,生醫科學與工程學系,,前標,,前標,前標,
國立中央大學,向日葵聯合招生甲組(電資),均標,均標,,均標,均標,
國立中央大學,向日葵聯合招生乙組(商管),均標,,均標,均標,,均標
國立中央大學,向日葵聯合招生丙組(理學),均標,均標,,均標,均標,
國立中央大學,向日葵聯合招生丁組(工程),均標,均標,,均標,均標,
國立中央大學,向日葵聯合招生戊組(人社),均標,,,均標,,均標
中國文化大學,哲學與歷史學系(哲學組),底標,,,,,--
中國文化大學,哲學與歷史學系(史學組),,,,,,底標
中國文化大學,中國文學系,底標,,,,,--
中國文化大學,日本語文學系,底標,,,,,
中國文化大學,韓國語文學系,底標,,,--,,
中國文化大學,歐美語文學系,底標,,,--,,
中國文化大學,全球商務學士學位學程,,,,底標,,
中國文化大學,應用數學系,--,底標,,,,
中國文化大學,光電物理學系,--,--,,--,底標,
中國文化大學,化學系,--,,,,底標,
中國文化大學,地理學系,底標,,,,,--
中國文化大學,大氣與地質科學系,--,底標,底標,--,--,
中國文化大學,生命科學系,底標,,,--,--,
中國文化大學,化學工程與材料工程學系,--,底標,,--,底標,
中國文化大學,電機工程學系,--,底標,,--,--,
中國文化大學,機械工程學系,--,底標,底標,--,--,
中國文化大學,紡織科技創新與應用工程學系,底標,,,,,
中國文化大學,資訊工程學系,--,底標,底標,--,,
中國文化大學,法律學系,底標,,,,,--
中國文化大學,政治與經濟學系,底標,,,,,
中國文化大學,勞動暨人力資源學系,底標,,,,,
中國文化大學,社會福利學系,底標,,,,,--
中國文化大學,行政管理學系,底標,,,,,
中國文化大學,動物科學保健暨園藝科技學系(園藝科技組),底標,,,,--,
中國文化大學,動物科學保健暨園藝科技學系(動物科學組),底標,,,--,--,
中國文化大學,森林暨自然保育學系,--,,,,底標,
中國文化大學,土地資源學系,底標,,,--,,
中國文化大學,家庭科學系,底標,,,,,--
中國文化大學,都市計劃與開發管理學系(智慧城市與都市更新組),底標,,,,--,
中國文化大學,都市計劃與開發管理學系(不動產投資與估價組),底標,,,,,--
中國文化大學,建築及都市設計學系,底標,,,--,,
中國文化大學,景觀學系,底標,,,--,,
中國文化大學,國際貿易學系,,,,,,底標
中國文化大學,國際企業管理學系,底標,,,,,
中國文化大學,會計學系,底標,,,,,
中國文化大學,觀光事業學系,底標,,,--,,
中國文化大學,資訊管理學系(智慧商務科技組),底標,,,,,
中國文化大學,資訊管理學系(人工智慧組),,,底標,,,
中國文化大學,財務金融學系金融行銷組,底標,,,,,--
中國文化大學,財務金融學系財務金融組,底標,,,--,,
中國文化大學,財務金融學系數位金融組,底標,,,,,--
中國文化大學,行銷學士學位學程,,,,,,底標
中國文化大學,新聞學系,底標,,,,,
中國文化大學,廣告學系,底標,,,,,
中國文化大學,資訊傳播學系,底標,,,,,
中國文化大學,大眾傳播學系,,,,--,,底標
中國文化大學,教育與學習科技學系,底標,,,,,
中國文化大學,心理輔導學系,--,,,底標,,--
中國文化大學,保健營養學系,--,,,,底標,
中國文化大學,戲劇學系,底標,,,--,,
中國文化大學,音樂學系(西樂組),--,,,,,
中國文化大學,音樂學系(國樂組),--,,,,,
中國文化大學,音樂學系(應用組),--,,,,,
中國文化大學,美術學系,--,,,,,
靜宜大學,英國語文學系,--,,,底標,,
靜宜大學,西班牙語文學系,底標,,,--,,--
靜宜大學,日本語文學系,後標,,,--,,--
靜宜大學,中國文學系,底標,,,,,--
靜宜大學,社會工作與兒童少年福利學系,底標,,,,,--
靜宜大學,台灣文學系,底標,,,,,--
靜宜大學,法律學系,後標,,,,,--
靜宜大學,生態人文學系,底標,,,,,
靜宜大學,生態人文學系(青年儲蓄帳戶組),底標,,,,,
靜宜大學,大眾傳播學系,底標,,,--,,
靜宜大學,財務工程學系,--,,底標,,,
靜宜大學,應用化學系,--,,,,底標,
靜宜大學,食品營養學系,--,,,--,底標,
靜宜大學,化粧品科學系,底標,,,--,--,
靜宜大學,永續環境與智慧科技學士學位學程,底標,,,,--,
靜宜大學,行銷與數位經營管理學系,底標,,,--,,
靜宜大學,國際企業學系,底標,,,,,
靜宜大學,會計學系,底標,,,,,
靜宜大學,觀光事業學系,底標,,,--,,
靜宜大學,財務金融學系,底標,,,,,
靜宜大學,資訊管理學系(人工智慧應用組),--,底標,底標,--,,
靜宜大學,資訊管理學系(智慧商務與大數據應用組),--,底標,底標,--,,
靜宜大學,資訊管理學系(APCS組),--,底標,底標,,,
靜宜大學,資訊管理學系(資安組),--,底標,底標,,,
靜宜大學,資訊工程學系,--,底標,底標,,,
靜宜大學,資訊工程學系(APCS組),,底標,底標,--,,
靜宜大學,資訊工程學系(資安組),--,底標,底標,,,
靜宜大學,資訊工程學系(青年儲蓄帳戶組),底標,,,,,
靜宜大學,人工智慧應用學系,--,底標,底標,,,
靜宜大學,人工智慧應用學系(APCS組),--,底標,底標,,,
靜宜大學,人工智慧應用學系(資安組),--,底標,底標,,,
靜宜大學,晶片設計學士學位學程,,底標,,,,
靜宜大學,晶片設計學士學位學程(資安組),,底標,,,,
靜宜大學,資料科學暨大數據分析與應用學系,--,,底標,,,
靜宜大學,寰宇管理學士學位學程,--,,,底標,,
靜宜大學,寰宇外語教育學士學位學程,--,,,底標,,
靜宜大學,智慧媒體與創新科技應用學士學位學程,--,,,底標,,
大同大學,機械與材料工程學系,--,底標,底標,--,--,
大同大學,化學工程與生物科技學系,--,底標,底標,後標,--,
大同大學,工程學院學士班,--,底標,底標,--,--,
大同大學,電機工程學系,--,--,,後標,--,
大同大學,資訊工程學系,--,後標,後標,--,,
大同大學,事業與資訊經營學系,--,底標,底標,--,,
大同大學,應用外語學系,--,,,底標,,--
大同大學,工業設計學系,--,,,後標,,
大同大學,數位媒體設計學系,--,,,底標,,
大同大學,電機工程學系(青年儲蓄帳戶組),,,,底標,,
大同大學,應用外語學系(青年儲蓄帳戶組),,,,底標,,
輔仁大學,中國文學系,後標,,,--,,底標
輔仁大學,歷史學系,--,,,--,,底標
輔仁大學,哲學系,後標,,,--,,--
輔仁大學,人文與社區創新學士學位學程,--,,,--,,底標
輔仁大學,景觀設計學系,後標,,,後標,,
輔仁大學,景觀設計學系(青年儲蓄帳戶組),,,,後標,,
輔仁大學,影像傳播學系,均標,,,,,均標
輔仁大學,新聞傳播學系,均標,,,--,,--
輔仁大學,廣告傳播學系,--,,--,均標,,--
輔仁大學,圖書資訊學系,底標,,--,--,,
輔仁大學,教育領導與科技發展學士學位學程,後標,,,--,,後標
輔仁大學,護理學系,--,,,底標,後標,
輔仁大學,公共衛生學系,--,,,底標,,
輔仁大學,公共衛生學系(青年儲蓄帳戶組),,,,底標,,
輔仁大學,醫學系,,前標,,頂標,頂標,前標
輔仁大學,醫學系(公費生),,前標,,頂標,頂標,前標
輔仁大學,臨床心理學系,後標,後標,,均標,,
輔仁大學,職能治療學系,,--,,後標,--,
輔仁大學,呼吸治療學系,後標,,,後標,後標,
輔仁大學,數學系資訊數學組,,後標,,--,,
輔仁大學,數學系應用數學組,,後標,,--,,
輔仁大學,化學系,,--,,--,後標,
輔仁大學,資訊工程學系,,後標,,--,,
輔仁大學,資訊工程學系(APCS組),,後標,,--,,
輔仁大學,生命科學系,,,,--,均標,
輔仁大學,物理學系電子物理組,,後標,,--,--,
輔仁大學,物理學系光電物理組,,後標,,--,--,
輔仁大學,電機工程學系,,後標,,--,--,
輔仁大學,電機工程學系(APCS組),,後標,,--,--,
輔仁大學,醫學資訊與創新應用學士學位學程,,後標,,--,,
輔仁大學,醫學資訊與創新應用學士學位學程(APCS組),,後標,,--,,
輔仁大學,醫學資訊與創新應用學士學位學程(資安組),,後標,,--,,
輔仁大學,人工智慧與資訊安全學士學位學程,,後標,,--,,
輔仁大學,人工智慧與資訊安全學士學位學程(APCS組),,後標,,--,,
輔仁大學,人工智慧與資訊安全學士學位學程(資安組),,後標,,--,,
輔仁大學,英國語文學系,均標,,,前標,,--
輔仁大學,法國語文學系,--,,,均標,,--
輔仁大學,西班牙語文學系,--,,,後標,,
輔仁大學,日本語文學系,均標,,,--,,
輔仁大學,義大利語文學系,--,,,後標,,
輔仁大學,德語語文學系,後標,,,後標,,
輔仁大學,國際溝通與科技創新學士學位學程,--,,,均標,,--
輔仁大學,織品服裝學系織品設計組,--,,,後標,,
輔仁大學,織品服裝學系服飾設計組,--,,,後標,,
輔仁大學,織品服裝學系織品服飾行銷組,--,,,後標,,
輔仁大學,餐旅管理學系,--,,,後標,,
輔仁大學,兒童與家庭學系,--,,,後標,,
輔仁大學,食品科學系,,,,--,後標,
輔仁大學,營養科學系,--,,,後標,底標,
輔仁大學,法律學系,均標,,,均標,,--
輔仁大學,財經法律學系,均標,,,均標,,--
輔仁大學,企業管理學系,--,,後標,均標,,
輔仁大學,會計學系,均標,,--,--,,
輔仁大學,資訊管理學系,--,,後標,後標,,
輔仁大學,資訊管理學系(APCS組),--,,後標,後標,,
輔仁大學,統計資訊學系,--,,均標,--,,
輔仁大學,金融與國際企業學系,均標,,--,--,,
輔仁大學,社會學系,,,,均標,,均標
輔仁大學,社會工作學系,--,,,,,後標
輔仁大學,經濟學系,,,--,後標,,
輔仁大學,宗教學系,底標,,,,,--
輔仁大學,心理學系(社會組),後標,,後標,後標,,
輔仁大學,心理學系(自然組),後標,後標,,後標,,
輔仁大學,天主教研修學士學位學程,底標,,,,,
輔仁大學,跨領域全英語學士學位學程,--,,,均標,,
輔仁大學,音樂學系應用音樂組,--,,,--,,
輔仁大學,音樂學系器樂組,,,,,,
輔仁大學,音樂學系爵士音樂組,--,,,--,,
輔仁大學,音樂學系音樂治療組,底標,,,底標,,
輔仁大學,應用美術學系,--,,,--,,
輔仁大學,體育學系體育學組,--,,,--,,
輔仁大學,體育學系運動健康管理組,--,,,--,,
國立臺灣海洋大學,商船學系,,均標,,均標,,
國立臺灣海洋大學,航運管理學系,--,,均標,均標,,
國立臺灣海洋大學,運輸科學系A組,,均標,均標,均標,,
國立臺灣海洋大學,運輸科學系B組,,均標,,均標,,
國立臺灣海洋大學,輪機工程學系,--,均標,,均標,均標,
國立臺灣海洋大學,海洋觀光管理學士學位學程,均標,,後標,後標,,後標
國立臺灣海洋大學,海洋觀光管理學士學位學程(青年儲蓄帳戶組),後標,,,後標,,後標
國立臺灣海洋大學,海洋經營管理學士學位學程,,,--,均標,,後標
國立臺灣海洋大學,食品科學系,--,,,均標,均標,
國立臺灣海洋大學,水產養殖學系,--,,,--,均標,
國立臺灣海洋大學,生命科學暨生物科技學系,--,,,--,均標,
國立臺灣海洋大學,海洋生物科技學士學位學程,--,,,後標,後標,
國立臺灣海洋大學,環境生物與漁業科學學系,,後標,後標,後標,--,
國立臺灣海洋大學,環境生物與漁業科學學系(青年儲蓄帳戶組),,,,後標,後標,
國立臺灣海洋大學,海洋環境資訊系,,均標,,--,後標,
國立臺灣海洋大學,機械與機電工程學系,--,均標,,--,均標,
國立臺灣海洋大學,系統工程暨造船學系,,均標,,--,後標,
國立臺灣海洋大學,河海工程學系,--,後標,,--,--,
國立臺灣海洋大學,海洋工程科技學士學位學程,--,後標,,--,均標,
國立臺灣海洋大學,電機工程學系,均標,前標,,均標,均標,
國立臺灣海洋大學,電機工程學系(青年儲蓄帳戶組),,,,均標,均標,
國立臺灣海洋大學,資訊工程學系,,均標,,均標,均標,
國立臺灣海洋大學,資訊工程學系(APCS組),,均標,,均標,,
國立臺灣海洋大學,資訊工程學系(資安組),,均標,,均標,,
國立臺灣海洋大學,通訊與導航工程學系,--,均標,,均標,均標,
國立臺灣海洋大學,光電與材料科技學系,--,均標,,均標,均標,
國立臺灣海洋大學,海洋文創設計產業學士學位學程,均標,,,--,,
國立臺灣海洋大學,海洋文創設計產業學士學位學程(青年儲蓄帳戶組),均標,,,,,
國立臺灣海洋大學,海洋法政學士學位學程,--,均標,均標,均標,,
國立臺灣海洋大學,海洋法政學士學位學程(青年儲蓄帳戶組),,,,均標,,
國立高雄師範大學,國文學系,均標,,,--,,均標
國立高雄師範大學,英語學系,--,,,均標,,--
國立高雄師範大學,地理學系,均標,,,--,,均標
國立高雄師範大學,數學系數學組,,前標,,--,--,
國立高雄師範大學,數學系應用數學組,,前標,,--,--,
國立高雄師範大學,化學系,,--,,底標,--,
國立高雄師範大學,物理學系,,均標,,--,--,
國立高雄師範大學,生物科技系,--,,,--,均標,
國立高雄師範大學,教育學系,--,,--,均標,,--
國立高雄師範大學,特殊教育學系,均標,,--,,,
國立高雄師範大學,事業經營學系,--,,均標,均標,,
國立高雄師範大學,工業科技教育學系科技教育與訓練組,--,後標,,--,均標,
國立高雄師範大學,工業科技教育學系能源與冷凍空調組,--,後標,,--,均標,
國立高雄師範大學,工業設計學系(A組),--,底標,底標,均標,,均標
國立高雄師範大學,工業設計學系(B組),--,底標,底標,均標,均標,
國立高雄師範大學,電機工程學系,,均標,,--,--,
國立高雄師範大學,電子工程學系,--,--,,--,均標,
國立高雄師範大學,軟體工程與管理學系,,後標,,--,,
國立高雄師範大學,軟體工程與管理學系(APCS組),--,後標,,--,,
國立高雄師範大學,軟體工程與管理學系(資安組),--,後標,,--,,
國立高雄師範大學,音樂學系,--,,,--,,
國立高雄師範大學,美術學系,--,,,--,,
國立高雄師範大學,視覺設計學系,--,,,--,,
國立高雄師範大學,體育學系,均標,,--,--,,
國立彰化師範大學,輔導與諮商學系學校輔導與諮商組,前標,,均標,前標,,均標
國立彰化師範大學,輔導與諮商學系社區輔導與諮商組,前標,,均標,前標,,均標
國立彰化師範大學,特殊教育學系,均標,,--,--,,
國立彰化師範大學,數學系,--,前標,,--,--,
國立彰化師範大學,物理學系物理組,,均標,,--,均標,
國立彰化師範大學,物理學系光電組,,均標,,--,均標,
國立彰化師範大學,生物學系,--,,,均標,均標,
國立彰化師範大學,化學系,,均標,,均標,均標,
國立彰化師範大學,智慧車輛工程學系,--,均標,,均標,均標,
國立彰化師範大學,英語學系,--,,,均標,,--
國立彰化師範大學,國文學系,均標,,,,,均標
國立彰化師範大學,地理學系,,,均標,均標,,均標
國立彰化師範大學,機電工程學系,均標,均標,,均標,均標,
國立彰化師範大學,電機工程學系,,均標,,均標,均標,
國立彰化師範大學,電子工程學系,--,均標,,均標,均標,
國立彰化師範大學,資訊工程學系,,均標,,--,--,
國立彰化師範大學,資訊工程學系(APCS組),,均標,,--,,
國立彰化師範大學,企業管理學系,均標,後標,均標,均標,,
國立彰化師範大學,會計學系,均標,後標,均標,均標,,
國立彰化師範大學,資訊管理學系資訊管理組,,,均標,均標,,
國立彰化師範大學,資訊管理學系數位內容科技與管理組,,,均標,均標,,
國立彰化師範大學,公共事務與公民教育學系公民教育組,--,,,--,,均標
國立彰化師範大學,公共事務與公民教育學系公共事務組,--,,,--,,均標
國立彰化師範大學,揚鷹招生A組(教社),均標,,,--,,
國立彰化師範大學,揚鷹招生B組(文),--,,,--,,均標
國立彰化師範大學,揚鷹招生C組(管理),,,--,均標,,
國立彰化師範大學,揚鷹招生D組(理),,--,,--,均標,
國立彰化師範大學,揚鷹招生E組(工),,均標,,--,--,
國立彰化師範大學,美術學系,,,,,,
國立彰化師範大學,運動學系(競技運動與表演藝術組),--,,,--,,
國立彰化師範大學,運動學系(運動健康組),--,,,--,,
中山醫學大學,醫學系,頂標,頂標,,頂標,頂標,
中山醫學大學,牙醫學系,前標,前標,,前標,前標,
中山醫學大學,物理治療學系,--,,,均標,均標,
中山醫學大學,職能治療學系(A組),,底標,底標,均標,均標,
中山醫學大學,職能治療學系(B組),,底標,底標,均標,,均標
中山醫學大學,語言治療與聽力學系語言治療組,--,--,,--,後標,
中山醫學大學,語言治療與聽力學系聽力組,--,--,,--,後標,
中山醫學大學,生物醫學科學學系,--,後標,,--,後標,
中山醫學大學,視光學系,後標,,,後標,,
中山醫學大學,醫學影像暨放射科學系,--,後標,後標,--,後標,
中山醫學大學,心理學系,--,--,,後標,,
中山醫學大學,營養學系(A組),,,,--,後標,
中山醫學大學,營養學系(B組),後標,,,--,,--
中山醫學大學,職業安全衛生學系,底標,,,底標,底標,
中山醫學大學,醫學應用化學系(A組),--,--,,,均標,
中山醫學大學,醫學應用化學系(B組),--,,,,均標,
中山醫學大學,健康產業科技管理學系,--,,,底標,--,
中山醫學大學,護理學系,--,,,--,底標,
中山醫學大學,醫學檢驗暨生物技術學系,,,,均標,均標,
中山醫學大學,應用外國語言學系,--,,,均標,,--
中山醫學大學,公共衛生學系(A組),底標,,,--,--,
中山醫學大學,公共衛生學系(B組),底標,,,--,,--
中山醫學大學,醫學社會暨社會工作學系,--,,,--,,後標
中山醫學大學,醫學資訊學系,--,後標,,後標,--,
中山醫學大學,醫學資訊學系(APCS組),--,後標,,底標,--,
中山醫學大學,醫療產業科技管理學系,,,後標,後標,,
國立中山大學,中國文學系,前標,,,--,,--
國立中山大學,外國語文學系,均標,,,前標,,均標
國立中山大學,劇場藝術學系,均標,,,後標,,
國立中山大學,生物科學系,--,均標,,均標,前標,
國立中山大學,生物科學系英語組,均標,均標,,均標,前標,
國立中山大學,化學系,--,均標,,--,均標,
國立中山大學,化學系英語組,--,均標,,前標,均標,
國立中山大學,物理學系,均標,均標,,均標,均標,
國立中山大學,物理學系量子科技組(全英),,均標,,均標,均標,
國立中山大學,應用數學系,--,均標,,均標,均標,
國立中山大學,應用數學系英語組,--,均標,,均標,--,
國立中山大學,電機工程學系,,前標,,均標,均標,
國立中山大學,電機工程學系英語組,,均標,,前標,均標,
國立中山大學,電機工程學系(APCS組),,前標,,均標,均標,
國立中山大學,機械與機電工程學系,,均標,,,均標,
國立中山大學,機械與機電工程學系全英語組,,均標,,均標,均標,
國立中山大學,資訊工程學系,均標,前標,,均標,前標,
國立中山大學,資訊工程學系全英語學士班,均標,前標,,前標,均標,
國立中山大學,光電工程學系,,均標,,均標,均標,
國立中山大學,光電工程學系全英語組,,均標,,前標,均標,
國立中山大學,材料與光電科學學系,均標,前標,,均標,前標,
國立中山大學,材料與光電科學學系全英語組,,前標,,均標,前標,
國立中山大學,企業管理學系,,,均標,均標,,
國立中山大學,資訊管理學系,--,均標,,均標,,
國立中山大學,財務管理學系,均標,均標,,均標,,
國立中山大學,國際經營管理全英語學士學位學程,,,均標,均標,,均標
國立中山大學,海洋生物科技暨資源學系,,均標,均標,均標,均標,
國立中山大學,海洋環境及工程學系,,均標,,均標,均標,
國立中山大學,海洋科學系,--,均標,,均標,均標,
國立中山大學,政治經濟學系,--,均標,均標,均標,,
國立中山大學,社會學系,,均標,均標,前標,,均標
國立中山大學,人文暨科技跨領域學系,均標,均標,前標,均標,,
國立中山大學,生物醫學科技學系全英語學士班生物醫學組,--,均標,,均標,均標,
國立中山大學,生物醫學科技學系全英語學士班生醫工程組,均標,均標,,均標,均標,
國立中山大學,護理學系,--,後標,,均標,均標,
國立中山大學,西灣南星A組(文),均標,,,均標,,均標
國立中山大學,西灣南星B組(管),均標,,均標,均標,,
國立中山大學,西灣南星C組(理),,均標,,均標,均標,
國立中山大學,西灣南星D組(工),,均標,,均標,均標,
國立中山大學,西灣南星E組(海),,均標,,均標,均標,
國立中山大學,西灣南星F組(社),均標,均標,均標,均標,,均標
國立中山大學,西灣南星G組(西灣),均標,均標,前標,均標,,
國立中山大學,西灣南星H組(醫),--,均標,,均標,均標,
國立中山大學,音樂學系,--,,,--,,
國立中山大學,音樂學系創作與應用組,--,,,--,,
國立臺北藝術大學,音樂與影像跨域學士學位學程,均標,,,均標,,
國立臺北藝術大學,劇場設計學系,均標,,,均標,,
國立臺北藝術大學,新媒體藝術學系,,後標,,後標,均標,
國立臺北藝術大學,新媒體藝術學系(青年儲蓄帳戶組),前標,,,前標,前標,
長庚大學,醫學系,前標,前標,,前標,前標,
長庚大學,中醫學系,前標,頂標,,頂標,頂標,
長庚大學,護理學系,,底標,後標,均標,均標,
長庚大學,醫學生物技術暨檢驗學系,,,,均標,均標,
長庚大學,醫學影像暨放射科學系,,均標,,均標,均標,
長庚大學,物理治療學系,均標,,,均標,均標,
長庚大學,職能治療學系,,,,均標,均標,
長庚大學,生物醫學系,,均標,,均標,均標,
長庚大學,呼吸治療學系,,,,--,後標,
長庚大學,電機工程學系,,均標,,--,--,
長庚大學,機械工程學系,--,後標,,,--,
長庚大學,化工與材料工程學系(化學工程組),,後標,,--,--,
長庚大學,化工與材料工程學系(材料工程組),,--,,--,均標,
長庚大學,電子工程學系,,--,,--,均標,
長庚大學,資訊工程學系,,--,,均標,,
長庚大學,資訊工程學系(資安組),,--,,後標,,
長庚大學,生物醫學工程學系,,均標,,--,--,
長庚大學,生物醫學工程學系(國際雙聯學位組),,--,,前標,,
長庚大學,人工智慧學系,,--,,均標,--,
長庚大學,人工智慧學系(資安組),,均標,,均標,後標,
長庚大學,醫務管理學系,--,後標,均標,均標,,
長庚大學,工商管理學系,--,,後標,--,,
長庚大學,工商管理學系(雙聯學位組）,,,--,後標,,
長庚大學,工商管理學系(青年儲蓄帳戶組),,,,前標,,
長庚大學,工業設計學系,--,,,後標,,
長庚大學,工業設計學系(青年儲蓄帳戶組),,,,後標,,
長庚大學,資訊管理學系,--,,均標,--,,
長庚大學,資訊管理學系(資安組),--,,均標,--,,
長庚大學,數位金融科技學系(甲組),--,後標,,--,,
長庚大學,數位金融科技學系(乙組),--,,均標,--,,
國立臺中教育大學,全校不分系學士學位學程,均標,,,--,,
國立臺中教育大學,教育學系,均標,,--,--,,
國立臺中教育大學,特殊教育學系,均標,,,--,,
國立臺中教育大學,幼兒教育學系,均標,,,--,,--
國立臺中教育大學,柳川招生組,均標,,,--,,
國立臺中教育大學,體育學系非運動專長組,--,,後標,--,,
國立臺中教育大學,語文教育學系,均標,底標,底標,--,,--
國立臺中教育大學,區域與社會發展學系,--,,--,--,,均標
國立臺中教育大學,諮商與應用心理學系,均標,,後標,後標,,
國立臺中教育大學,諮商與應用心理學系(公費生A組),均標,,均標,均標,,
國立臺中教育大學,諮商與應用心理學系(公費生B組),均標,,均標,均標,,
國立臺中教育大學,臺灣語文學系,均標,,,,,均標
國立臺中教育大學,臺灣語文學系（青年儲蓄帳戶組),均標,,,,,均標
國立臺中教育大學,英語學系,--,,,均標,,--
國立臺中教育大學,數學教育學系,--,均標,,--,,
國立臺中教育大學,科學教育與應用學系,--,--,,--,後標,
國立臺中教育大學,資訊工程學系,--,均標,,--,,
國立臺中教育大學,數位內容科技學系,--,,均標,後標,,
國立臺中教育大學,數位內容科技學系（青年儲蓄帳戶組),,,,後標,,
國立臺中教育大學,國際企業學系,--,,--,均標,,--
國立臺中教育大學,文化創意產業設計與營運學系,--,,,後標,,--
國立臺中教育大學,音樂學系（A組）,,,,,,
國立臺中教育大學,音樂學系（B組）,--,,,--,,
國立臺中教育大學,美術學系,後標,,,--,,--
國立臺中教育大學,體育學系運動專長組,--,,--,,,
國立臺北教育大學,教育學系,均標,,均標,,,
國立臺北教育大學,教育學系（芝山組）,均標,,--,,,
國立臺北教育大學,教育學系（公費生）,均標,,均標,,均標,
國立臺北教育大學,教育經營與管理學系,均標,,均標,均標,,
國立臺北教育大學,教育經營與管理學系（芝山組）,均標,,均標,均標,,
國立臺北教育大學,幼兒與家庭教育學系,均標,,均標,均標,,均標
國立臺北教育大學,幼兒與家庭教育學系（芝山組）,均標,,均標,均標,,均標
國立臺北教育大學,幼兒與家庭教育學系（公費生）,均標,,均標,均標,,均標
國立臺北教育大學,特殊教育學系,均標,,--,--,,
國立臺北教育大學,特殊教育學系（芝山組）,均標,,--,--,,
國立臺北教育大學,心理與諮商學系,均標,,均標,均標,,
國立臺北教育大學,心理與諮商學系（芝山組）,均標,,後標,均標,,
國立臺北教育大學,社會與區域發展學系,,,--,均標,,均標
國立臺北教育大學,社會與區域發展學系(青年儲蓄帳戶組),,,,均標,,均標
國立臺北教育大學,兒童英語教育學系,均標,,均標,前標,,
國立臺北教育大學,兒童英語教育學系（公費生）,均標,,均標,前標,,
國立臺北教育大學,語文與創作學系語文師資組,前標,,均標,均標,,均標
國立臺北教育大學,語文與創作學系文學創作組,前標,,,均標,,均標
國立臺北教育大學,文化創意產業經營學系,均標,均標,均標,均標,,均標
國立臺北教育大學,文化創意產業經營學系(青年儲蓄帳戶組),均標,,,均標,,均標
國立臺北教育大學,台灣語言與文化學系,均標,,,,,均標
國立臺北教育大學,數學暨資訊教育學系數學組,--,均標,,,,
國立臺北教育大學,數學暨資訊教育學系人工智慧與資訊教育組,,均標,,--,,
國立臺北教育大學,數學暨資訊教育學系人工智慧與資訊教育組(APCS組),,均標,,,,
國立臺北教育大學,數學暨資訊教育學系人工智慧與資訊教育組（公費生）,前標,前標,,前標,,
國立臺北教育大學,自然科學教育學系,均標,均標,,均標,均標,
國立臺北教育大學,自然科學教育學系（芝山組）,,均標,,,均標,
國立臺北教育大學,自然科學教育學系（公費生A組),均標,前標,,前標,前標,
國立臺北教育大學,自然科學教育學系（公費生B組),均標,前標,,前標,前標,
國立臺北教育大學,資訊科學系,--,均標,,均標,--,
國立臺北教育大學,數位科技設計學系,均標,,均標,均標,,
國立臺北教育大學,數位科技設計學系(APCS組),,,均標,均標,,
國立臺北教育大學,藝術與造形設計學系設計組,均標,,均標,均標,,
國立臺北教育大學,藝術與造形設計學系藝術組,均標,,後標,後標,,均標
國立臺北教育大學,體育學系,,後標,後標,--,,--
國立臺北教育大學,體育學系（雙語教學組）,,底標,後標,均標,,
國立臺南大學,教育學系,後標,,,--,,
國立臺南大學,教育學系(公費生),均標,,--,均標,,
國立臺南大學,諮商與輔導學系,均標,,均標,均標,,
國立臺南大學,特殊教育學系,後標,,--,--,,
國立臺南大學,特殊教育學系(青年儲蓄帳戶組),均標,,,,,
國立臺南大學,幼兒教育學系,均標,,,後標,,
國立臺南大學,文化與自然資源學系,均標,,,後標,,均標
國立臺南大學,國語文學系,均標,,,--,,--
國立臺南大學,英語學系,均標,,,均標,,
國立臺南大學,英語學系(公費生),前標,,,頂標,,
國立臺南大學,應用數學系,,均標,,--,,
國立臺南大學,數位學習科技學系,--,,後標,--,,
國立臺南大學,數位學習科技學系(公費生),--,,前標,前標,--,
國立臺南大學,數位學習科技學系(資安組),--,,均標,--,,
國立臺南大學,材料科學系,,均標,,均標,均標,
國立臺南大學,資訊工程學系,--,均標,,--,,
國立臺南大學,資訊工程學系(APCS組),--,均標,,--,,
國立臺南大學,電機工程學系,,均標,,--,,
國立臺南大學,綠色能源科技學系,--,後標,,--,,
國立臺南大學,生物科技學系,--,,,--,底標,
國立臺南大學,生態暨環境資源學系,底標,,,--,,
國立臺南大學,戲劇創作與應用學系,均標,,,底標,,
國立臺南大學,行政管理學系,後標,,--,均標,,--
國立臺南大學,經營與管理學系,--,,--,均標,,
國立臺南大學,音樂學系(A組),--,,,--,,
國立臺南大學,音樂學系(B組),--,,,--,,
國立臺南大學,視覺藝術與設計學系,--,,,--,,
國立臺南大學,體育學系,--,,--,--,,
國立東華大學,應用數學系數學科學組,--,--,,底標,,
國立東華大學,應用數學系統計科學組,--,--,,底標,,
國立東華大學,物理學系物理組,,--,,,均標,
國立東華大學,物理學系奈米與光電科學組,,--,,,均標,
國立東華大學,化學系,,--,,--,均標,
國立東華大學,生化暨分子醫學科學系,,--,,後標,--,
國立東華大學,資訊工程學系資工組,,均標,,--,,
國立東華大學,資訊工程學系資工組(APCS組),,均標,,--,,
國立東華大學,資訊工程學系資工組(資安組),,均標,,--,,
國立東華大學,資訊工程學系國際組,,均標,,--,,
國立東華大學,資訊工程學系國際組(資安組),,均標,,--,,
國立東華大學,電機工程學系智慧系統組,,均標,,--,--,
國立東華大學,電機工程學系半導體組,,--,,--,均標,
國立東華大學,材料科學與工程學系,,--,,--,後標,
國立東華大學,光電工程學系,,--,,,後標,
國立東華大學,理工學院大數據科學國際學士班,--,均標,,--,,
國立東華大學,企業管理學系管理科學組,--,--,,後標,,
國立東華大學,企業管理學系經營管理組,--,,--,後標,,
國立東華大學,會計學系,--,,--,後標,,
國立東華大學,資訊管理學系人工智慧與大數據組,均標,--,,--,,
國立東華大學,資訊管理學系人工智慧與商務組,均標,,--,--,,
國立東華大學,資訊管理學系(資安組),均標,--,,--,,
國立東華大學,國際企業學系,--,,--,後標,,
國立東華大學,財務金融學系,--,,後標,後標,,
國立東華大學,觀光暨休閒遊憩學系,後標,,--,--,,
國立東華大學,管理學院管理科學與財金國際學士學位學程,,,--,--,,底標
國立東華大學,管理學院會計與資訊管理國際學士班智慧會計與風險管理組,--,--,,後標,,
國立東華大學,管理學院會計與資訊管理國際學士班會計資訊與電腦稽核組,--,,--,後標,,
國立東華大學,管理學院數位行銷與服務創新國際學士班,均標,,--,--,,
國立東華大學,華文文學與創作學系,後標,,,,,--
國立東華大學,中國語文學系,後標,,,,,後標
國立東華大學,英美語文學系,--,,,後標,,
國立東華大學,臺灣文化學系,--,,,,,後標
國立東華大學,歷史學系,--,,,,,均標
國立東華大學,經濟學系,,,--,--,,後標
國立東華大學,諮商與臨床心理學系,,,均標,均標,,
國立東華大學,社會學系,--,,,--,,均標
國立東華大學,公共行政學系,--,,,,,後標
國立東華大學,法律學系,--,,,--,,均標
國立東華大學,教育與潛能開發學系,後標,,--,--,,--
國立東華大學,教育行政與管理學系,後標,,,,,--
國立東華大學,特殊教育學系,後標,,,,,--
國立東華大學,幼兒教育學系,後標,,,,,--
國立東華大學,族群關係與文化學系,--,,,--,,後標
國立東華大學,民族語言與傳播學系,--,,,,,後標
國立東華大學,民族發展與社會工作學系民族發展組,--,,,,,後標
國立東華大學,民族發展與社會工作學系社會工作組,--,,,,,後標
國立東華大學,自然資源與環境學系,,,,--,均標,
國立東華大學,縱谷跨域書院學士學位學程,--,,,,,均標
國立東華大學,音樂學系,--,,,--,,
國立東華大學,藝術與設計學系,--,,,,,--
國立東華大學,藝術創意產業學系,--,,,--,,
國立東華大學,體育與運動科學系,--,,--,--,,
臺北市立大學,教育學系,均標,,底標,均標,,--
臺北市立大學,特殊教育學系,均標,,後標,後標,,
臺北市立大學,幼兒教育學系,均標,,,--,,--
臺北市立大學,心理與諮商學系,均標,,後標,均標,,
臺北市立大學,學習與媒材設計學系,均標,,底標,均標,,--
臺北市立大學,中國語文學系,均標,,,底標,,均標
臺北市立大學,英語教學系,--,,,均標,,
臺北市立大學,公共事務學系,均標,,,均標,,均標
臺北市立大學,歷史與地理學系,均標,,,均標,,均標
臺北市立大學,地球環境暨生物資源學系,--,--,,--,均標,
臺北市立大學,地球環境暨生物資源學系（青年儲蓄帳戶組）,均標,,,,,
臺北市立大學,應用物理暨化學系電子物理組,,均標,,均標,均標,
臺北市立大學,應用物理暨化學系應用化學組,,均標,,均標,均標,
臺北市立大學,應用物理暨化學系應用化學組（青年儲蓄帳戶組）,,,,均標,均標,
臺北市立大學,數據科學與數學系,,均標,,--,--,
臺北市立大學,資訊科學系,,均標,,均標,--,
臺北市立大學,資訊科學系（APCS組）,,均標,,均標,,
臺北市立大學,資訊科學系（資安組）,,均標,,均標,,
臺北市立大學,城市發展學系,均標,,,--,,--
臺北市立大學,行銷與管理學系(數位行銷組),均標,,--,,,
臺北市立大學,行銷與管理學系(創新管理組),均標,,--,--,,
臺北市立大學,衛生福利學系,,後標,,--,,
臺北市立大學,衛生福利學系（青年儲蓄帳戶組）,,,,後標,,
臺北市立大學,音樂學系,--,,,--,,
臺北市立大學,視覺藝術學系,後標,,,--,,
臺北市立大學,體育學系,--,,,--,,
臺北市立大學,體育學系(公費生),均標,均標,均標,頂標,,
臺北市立大學,休閒運動管理學系,--,,,,,--
臺北市立大學,運動健康科學系,--,,,--,--,
臺北市立大學,運動健康科學系（青年儲蓄帳戶組）,後標,,,後標,後標,
國立屏東大學,教育學系,均標,,,--,,
國立屏東大學,幼兒教育學系,均標,,,--,,--
國立屏東大學,特殊教育學系,後標,,,--,,
國立屏東大學,特殊教育學系(公費生),均標,,,後標,,
國立屏東大學,教育心理與輔導學系,均標,,--,均標,,
國立屏東大學,教育心理與輔導學系(公費生),均標,,--,均標,,
國立屏東大學,中國語文學系,均標,,,--,,--
國立屏東大學,中國語文學系(青年儲蓄帳戶組),後標,,,,,
國立屏東大學,文化創意產業學系,均標,,,後標,,均標
國立屏東大學,社會發展學系,--,,,--,,均標
國立屏東大學,英語學系,--,,,均標,,--
國立屏東大學,英語學系(公費生),均標,,,前標,,--
國立屏東大學,應用英語學系,--,,,後標,,--
國立屏東大學,應用日語學系,均標,,,--,,--
國立屏東大學,商業大數據學系,--,,--,底標,,--
國立屏東大學,行銷與流通管理學系,--,,--,底標,,
國立屏東大學,企業管理學系,--,,--,底標,,--
國立屏東大學,財務金融學系,--,,後標,後標,,
國立屏東大學,休閒事業經營學系,--,,,後標,,
國立屏東大學,不動產經營學系,後標,,,--,--,後標
國立屏東大學,國際經營與貿易學系,--,,--,底標,,--
國立屏東大學,會計學系,--,,--,後標,,
國立屏東大學,應用化學系,--,後標,,--,均標,
國立屏東大學,應用數學系,,後標,,,--,
國立屏東大學,應用物理系半導體組,,底標,,--,底標,
國立屏東大學,應用物理系光電暨材料組,,底標,,--,後標,
國立屏東大學,科學傳播學系,--,,,底標,底標,
國立屏東大學,科學傳播學系(青年儲蓄帳戶組),,,,底標,底標,
國立屏東大學,電腦科學與人工智慧學系,--,後標,,--,,
國立屏東大學,電腦科學與人工智慧學系(公費生),--,均標,,--,,
國立屏東大學,電腦科學與人工智慧學系(資安組),--,均標,,--,,
國立屏東大學,智慧機器人學系,,後標,,--,--,
國立屏東大學,資訊工程學系,--,後標,,--,,
國立屏東大學,電腦與通訊學系,--,後標,,--,,
國立屏東大學,資訊管理學系,--,,後標,後標,,
國立屏東大學,音樂學系A組,--,,,--,,
國立屏東大學,音樂學系B組,--,,,--,,
國立屏東大學,視覺藝術學系美術組,後標,,,--,,
國立屏東大學,視覺藝術學系數位媒體設計組,均標,,,--,,
國立屏東大學,體育學系,--,,--,--,,
國立臺東大學,全校不分系學士學位學程,底標,,,--,,
國立臺東大學,教育學系,後標,,,,,--
國立臺東大學,幼兒教育學系,後標,,,--,,
國立臺東大學,特殊教育學系,底標,,,--,,
國立臺東大學,文化資源與休閒產業學系,底標,,,,,--
國立臺東大學,數位媒體與文教產業學系(設計組),底標,,,,,
國立臺東大學,公共與文化事務學系,後標,,,,,--
國立臺東大學,身心整合與運動休閒產業學系,底標,,,,,
國立臺東大學,英美語文學系,--,,,底標,,
國立臺東大學,華語文學系,後標,,,,,--
國立臺東大學,生命科學系,,,,,後標,
國立臺東大學,資訊工程學系,,底標,,--,,
國立臺東大學,資訊管理學系,--,,--,底標,,
國立臺東大學,應用數學系,,底標,,,,
國立臺東大學,應用科學系化學及奈米科學組,,--,,,底標,
國立臺東大學,應用科學系物理暨光電科學組,,--,,,底標,
國立臺東大學,綠能與資訊科技學系,,,--,,底標,
國立臺東大學,護理學系,後標,,,--,--,
國立臺東大學,音樂學系(A組),--,,,,,
國立臺東大學,音樂學系(B組),--,,,,,
國立臺東大學,數位媒體與文教產業學系(創作組),,,,底標,,
國立臺東大學,美術產業學系,--,,,,,
國立臺東大學,體育學系,--,,,,,
國立體育大學,休閒產業經營學系,底標,,,底標,,--
國立體育大學,運動保健學系(一般組),--,底標,底標,後標,--,
國立體育大學,休閒產業經營學系(青年儲蓄帳戶組),底標,,,底標,,
國立體育大學,運動保健學系(青年儲蓄帳戶組),,,,後標,,
國立體育大學,體育推廣學系(青年儲蓄帳戶組),後標,,,,,
國立體育大學,適應體育學系(青年儲蓄帳戶組),底標,,,底標,,
國立體育大學,體育推廣學系,後標,,,--,,--
國立體育大學,適應體育學系,底標,,,底標,,
國立體育大學,運動保健學系(體育術科組),--,底標,底標,底標,--,
元智大學,護理學系,--,,,後標,--,
元智大學,管理學院學士班(主修：數位行銷與人力資源),後標,,,,,--
元智大學,管理學院學士班(主修：財務金融),--,,後標,--,,
元智大學,管理學院學士班(主修：國際企業管理),後標,,,--,,
元智大學,管理學院學士班(主修：會計),--,,,--,,後標
元智大學,管理學院學士班(英語專班),--,,,後標,,
元智大學,應用外語學系,,,,後標,,
元智大學,中國語文學系,後標,,,,,
元智大學,社會暨政策科學學系,--,,,,,後標
元智大學,藝術與設計學系(AI創新組),後標,,,--,,
元智大學,人文社會學院英語學士班,--,,,後標,,
元智大學,資訊管理學系,--,,--,後標,,
元智大學,資訊管理學系(資安組),,,後標,--,,
元智大學,資訊傳播學系(智慧科技應用組),後標,,--,--,,
元智大學,資訊傳播學系(數位媒體設計_創作組),後標,,,--,,
元智大學,資訊工程學系,--,--,,後標,,
元智大學,資訊工程學系(資安組),--,--,,後標,,
元智大學,資訊工程學系(APCS組),,--,,後標,,
元智大學,資訊學院英語學士班,--,--,,後標,,
元智大學,機械工程學系,--,後標,,,--,
元智大學,化學工程與材料科學學系,--,--,,--,後標,
元智大學,工業工程與管理學系,--,後標,後標,--,,
元智大學,工程學院英語學士班,,--,,後標,--,
元智大學,電機工程學系(甲組),,--,,後標,--,
元智大學,電機工程學系(甲組)(APCS組),--,--,,後標,,
元智大學,電機工程學系(乙組),--,後標,前標,後標,--,
元智大學,電機工程學系(丙組),--,後標,,--,,
元智大學,電機通訊學院英語學士班,--,後標,前標,--,--,
元智大學,藝術與設計學系(藝術與設計組),--,,,--,,
元智大學,資訊傳播學系(數位媒體設計_美術組),後標,,,--,,
國立中正大學,中國文學系,均標,,,--,,--
國立中正大學,外國語文學系,均標,,,前標,,--
國立中正大學,歷史學系,均標,,,均標,,--
國立中正大學,哲學系,均標,後標,後標,均標,,
國立中正大學,數學系,,--,,後標,--,
國立中正大學,地球與環境科學系,,均標,,均標,均標,
國立中正大學,物理學系,,均標,,均標,均標,
國立中正大學,化學暨生物化學系,均標,均標,,均標,均標,
國立中正大學,生物醫學科學系,均標,均標,,均標,均標,
國立中正大學,社會福利學系,--,,--,--,,均標
國立中正大學,心理學系,均標,均標,,均標,均標,
國立中正大學,勞工關係學系,均標,,--,--,,--
國立中正大學,政治學系,--,,--,均標,,--
國立中正大學,傳播學系,均標,,,均標,,--
國立中正大學,資訊工程學系,--,均標,,均標,均標,
國立中正大學,電機工程學系,--,均標,,--,均標,
國立中正大學,機械工程學系機械工程組,--,均標,,均標,均標,
國立中正大學,機械工程學系光機電整合工程組,--,均標,,均標,均標,
國立中正大學,機械工程國際學士學位學程,--,均標,,均標,均標,
國立中正大學,化學工程學系,,均標,,,均標,
國立中正大學,通訊工程學系,--,均標,,--,均標,
國立中正大學,經濟學系,均標,,前標,均標,,
國立中正大學,財務金融學系,--,,均標,前標,,
國立中正大學,企業管理學系,均標,,均標,前標,,
國立中正大學,會計與資訊科技學系,均標,均標,均標,前標,,
國立中正大學,資訊管理學系,均標,均標,,前標,,
國立中正大學,資訊管理學系(APCS組),均標,均標,,前標,均標,
國立中正大學,法律學系法學組,前標,,均標,前標,,前標
國立中正大學,法律學系法制組,前標,,均標,前標,,前標
國立中正大學,財經法律學系,前標,,均標,前標,,前標
國立中正大學,成人及繼續教育學系,--,,--,--,,均標
國立中正大學,犯罪防治學系,前標,,均標,前標,,均標
國立中正大學,紫荊不分系學士學位學程,均標,,,均標,,
國立中正大學,嘉星招生甲組(工),,均標,,,均標,
國立中正大學,嘉星招生乙組(管),後標,,均標,均標,,
國立中正大學,嘉星招生丙組(法),均標,,後標,均標,,--
國立中正大學,嘉星招生丁組(文),均標,,,均標,,--
國立中正大學,嘉星招生戊組(理),,--,,均標,均標,
國立中正大學,嘉星招生己組(社),底標,,均標,均標,,
國立中正大學,嘉星招生庚組(教),均標,,--,均標,,--
國立中正大學,嘉星招生辛組(心),,均標,,後標,均標,
大葉大學,機械與自動化工程學系(智慧車輛與綠能科技組),--,底標,,,,
大葉大學,機械與自動化工程學系(AI機械與機器人科技組),,底標,,--,,
大葉大學,電機工程學系(半導體與光電組),,--,,,底標,
大葉大學,電機工程學系(智慧系統組),,底標,,,--,
大葉大學,電機工程學系(APCS組),,底標,,,--,
大葉大學,半導體學士學位學程,,底標,,,--,
大葉大學,資訊工程學系(資訊工程組),--,底標,,,,
大葉大學,資訊工程學系(人工智慧組),--,,,底標,,
大葉大學,資訊工程學系(APCS組),,底標,,,,
大葉大學,環境與安全工程學系(環境永續組),--,,,底標,,
大葉大學,環境與安全工程學系(安全科技組),底標,,,--,,
大葉大學,環境與安全工程學系(青年儲蓄帳戶組),底標,,,,,
大葉大學,會計與資訊管理學系(人工智慧科技管理組),--,,,底標,,
大葉大學,會計與資訊管理學系(會計暨投資理財組),底標,,,--,,
大葉大學,會計與資訊管理學系(青年儲蓄帳戶組),,,,底標,,
大葉大學,財務金融學系(銀行專業組),--,,,,,底標
大葉大學,財務金融學系(智慧投資組),,,,--,,底標
大葉大學,財務金融學系(公司財務組),,,,,,底標
大葉大學,財務金融學系(青年儲蓄帳戶組),底標,,,,,
大葉大學,應用日語學系(AI商務應用組),,,,底標,,
大葉大學,應用日語學系(觀光旅遊組),,,,,,底標
大葉大學,生物醫學系(生物醫藥組),,,,底標,,
大葉大學,生物醫學系(檢驗醫學組),底標,,,,,
大葉大學,藥用植物與食品保健學系(藥粧保健組),,,,底標,,
大葉大學,藥用植物與食品保健學系(食藥生技組),底標,,,,,
大葉大學,觀光休閒學系,底標,,,,,
大葉大學,觀光休閒學系(青年儲蓄帳戶組),底標,,,,,
大葉大學,餐旅管理學系,底標,,,,,--
大葉大學,餐旅管理學系(青年儲蓄帳戶組),底標,,,,,
大葉大學,烘焙暨飲料調製學士學位學程,--,,,,,底標
大葉大學,烘焙暨飲料調製學士學位學程(青年儲蓄帳戶組),,,,,,底標
大葉大學,護理學系,,,,底標,,
大葉大學,視光學系(國際組),,,,底標,,
大葉大學,視光學系(臨床組),底標,,,,,
大葉大學,職能治療學系(A組),,,,底標,--,
大葉大學,職能治療學系(B組),,,,底標,,--
大葉大學,設計學系(工業設計組),--,,,,,
大葉大學,設計學系(視覺傳達設計組),--,,,,,
大葉大學,多媒體數位內容學士學位學程(動畫與影視特效組),--,,,,,
大葉大學,多媒體數位內容學士學位學程(遊戲與人工智慧應用組),--,,,,,
大葉大學,多媒體數位內容學士學位學程(動漫美術與模型製作組),--,,,,,
大葉大學,多媒體數位內容學士學位學程(漫畫創作組),--,,,,,
大葉大學,AI創新設計學士學位學程(商業視覺設計組),--,,,,,
大葉大學,AI創新設計學士學位學程(創新數位媒體組),--,,,,,
大葉大學,空間設計學系建築組,--,,,,,--
大葉大學,空間設計學系建築組(青年儲蓄帳戶組),底標,,,,,
大葉大學,空間設計學系室內設計組,--,,,,,--
大葉大學,空間設計學系室內設計組(青年儲蓄帳戶組),底標,,,,,
大葉大學,運動健康管理學系,--,,,,,
華梵大學,智慧生活科技學系大數據與管理組,--,底標,底標,,,
華梵大學,智慧生活科技學系智慧產品開發組,,底標,底標,,--,
華梵大學,智慧生活設計學系空間設計組,底標,,,,,
華梵大學,智慧生活設計學系空間設計組(青年儲蓄帳戶組),底標,,,,,
華梵大學,智慧生活設計學系創意產品與汽車設計組,底標,,,,,
華梵大學,攝影與VR設計學系攝影與科技藝術組,底標,,,,,
華梵大學,攝影與VR設計學系VR與互動媒體組,底標,,,,,
華梵大學,佛教藝術學系佛學組,底標,,,,,底標
華梵大學,佛教藝術學系藝術組,底標,,,,,底標
華梵大學,美術與文創學系文創設計組,底標,,,,,
華梵大學,美術與文創學系美術創作組,底標,,,,,
義守大學,電機工程學系,--,後標,,,,
義守大學,電子工程學系,--,後標,,--,,
義守大學,資訊工程學系資訊工程組,--,後標,,--,,
義守大學,資訊工程學系資訊應用組,--,,後標,--,,
義守大學,資訊工程學系(APCS組),,後標,,,,
義守大學,資訊工程學系(資安組),--,後標,,--,,
義守大學,機械與自動化工程學系,--,後標,,--,,
義守大學,化學工程學系,--,底標,,--,,
義守大學,土木工程學系,--,底標,,--,,
義守大學,材料科學與工程學系,--,後標,,,,
義守大學,生物醫學工程學系,--,--,,後標,,
義守大學,智慧科技英語學士學位學程,--,底標,,--,,
義守大學,半導體學士學位學程,--,,,後標,,
義守大學,資訊管理學系人工智慧技術與應用組,--,,,底標,,
義守大學,資訊管理學系智慧商務與物聯網組,底標,,,--,,
義守大學,企業管理學系,--,,,底標,,
義守大學,財務金融管理學系,底標,,--,--,,
義守大學,會計學系,底標,,,--,,
義守大學,醫務管理學系,底標,,,--,,
義守大學,餐旅管理學系,底標,,,--,,
義守大學,廚藝暨美食學學系,底標,,,--,,--
義守大學,國際企業經營英語學士學位學程(國際學院),,,,後標,,
義守大學,應用日語學系,底標,,,--,,
義守大學,大眾傳播學系,底標,,,,,--
義守大學,電影與電視學系,底標,,,--,,
義守大學,醫學科學與生物科技學系醫藥組,,,,--,後標,
義守大學,醫學科學與生物科技學系生技組,後標,,,,--,
義守大學,營養學系,後標,,,--,--,
義守大學,護理學系,底標,,,--,--,
義守大學,醫學影像暨放射科學系,--,--,,--,後標,
義守大學,物理治療學系,--,--,,--,均標,
義守大學,職能治療學系,--,--,,--,均標,
義守大學,醫學檢驗技術學系,--,,,--,後標,
義守大學,醫學系(公費生),前標,前標,,前標,前標,
義守大學,視覺藝術與設計學系,--,,,,,
銘傳大學,企業管理學系品牌行銷組（臺北校區）,,,,,,底標
銘傳大學,企業管理學系企業管理組（臺北校區）,底標,,--,,,
銘傳大學,會計學系會計審計組（臺北校區）,--,,--,,,底標
銘傳大學,會計學系稅務規劃組（臺北校區）,--,,,,,底標
銘傳大學,財務金融學系（臺北校區）,,,底標,,,
銘傳大學,資訊應用與金融保險學系金融組（臺北校區）,底標,,,,,--
銘傳大學,資訊應用與金融保險學系資訊組（臺北校區）,--,底標,底標,,,
銘傳大學,國際企業學系跨境電商經營組（臺北校區）,底標,,--,,,
銘傳大學,國際企業學系外貿行銷管理組（臺北校區）,,,,,,底標
銘傳大學,人工智慧應用暨管理學士學位學程（臺北校區）,底標,底標,底標,,,
銘傳大學,新媒體暨傳播管理學系（臺北校區）,後標,,--,底標,,
銘傳大學,廣播電視學系（臺北校區）,底標,,,,,底標
銘傳大學,廣告暨策略行銷學系（臺北校區）,--,,--,底標,,
銘傳大學,影音新聞暨社群傳播學系（臺北校區）,底標,,,,,
銘傳大學,傳播學院全媒體大一不分系學士班（臺北校區）,底標,,,,--,
銘傳大學,法律學系（臺北校區）,--,,,--,,後標
銘傳大學,財金法律學系（臺北校區）,後標,,,--,,--
銘傳大學,國際企業與貿易學士學位學程（全英語授課．臺北校區）,,,,後標,,--
銘傳大學,新聞與大眾傳播學士學位學程（全英語授課．臺北校區）,,,,後標,,--
銘傳大學,時尚與創新管理學士學位學程（全英語授課．臺北校區）,--,,,後標,,
銘傳大學,國際事務與外交學士學位學程（全英語授課．臺北校區）,--,,,底標,,--
銘傳大學,資訊科技應用與管理學士學位學程（全英語授課．桃園校區）,--,底標,底標,底標,,
銘傳大學,應用中文與華語文教學系文教傳播組（桃園校區）,底標,,,,,--
銘傳大學,應用中文與華語文教學系語文創作組（桃園校區）,底標,,,,,--
銘傳大學,應用英語學系（桃園校區）,,,,底標,,
銘傳大學,應用日語學系（桃園校區）,底標,,,,,--
銘傳大學,商業設計學系（桃園校區）,底標,,,,,底標
銘傳大學,商品設計學系（桃園校區）,底標,,,,,--
銘傳大學,數位媒體設計學系（桃園校區）,底標,,,,,--
銘傳大學,建築學系（桃園校區）,底標,,,底標,,--
銘傳大學,都市設計與永續發展學系智慧城市與無人機應用組（桃園校區）,底標,,,,,
銘傳大學,都市設計與永續發展學系都市更新與土地開發組（桃園校區）,,,,,,底標
銘傳大學,觀光事業學系（桃園校區）,--,,,--,,底標
銘傳大學,休閒遊憩管理學系（桃園校區）,底標,,,--,,
銘傳大學,餐旅管理學系（桃園校區）,,,,,,底標
銘傳大學,犯罪防治學系（桃園校區）,--,,,--,,底標
銘傳大學,公共事務與行政管理學系（桃園校區）,--,,,,,底標
銘傳大學,諮商臨床與工商心理學系（桃園校區）,--,底標,底標,--,,後標
銘傳大學,金融學系（桃園校區）,底標,,,,,--
銘傳大學,金融科技應用學系（桃園校區）,底標,,,,,底標
銘傳大學,資訊管理學系人工智慧應用組（桃園校區）,--,,,底標,,
銘傳大學,資訊管理學系巨量資料管理組（桃園校區）,--,,底標,,,
銘傳大學,資訊管理學系電子商務管理組（桃園校區）,--,,,,,底標
銘傳大學,人工智慧應用學系（桃園校區）,底標,底標,底標,--,,
銘傳大學,資訊工程學系甲組（桃園校區）,,,底標,,底標,
銘傳大學,資訊工程學系乙組（桃園校區）,底標,,底標,,,
銘傳大學,電機工程學系（桃園校區）,底標,底標,,,,
銘傳大學,半導體應用學士學位學程（桃園校區）,底標,底標,,,,
銘傳大學,智慧醫療與永續管理學系健康永續管理組（桃園校區）,--,,,,,底標
銘傳大學,智慧醫療與永續管理學系智慧醫療產業組（桃園校區）,--,,,,底標,
銘傳大學,生物科技學系智慧應用生技組（桃園校區）,--,,,,底標,
銘傳大學,生物科技學系食品生技組（桃園校區）,--,,,,底標,
銘傳大學,生物醫學工程學系生醫光電組（桃園校區）,,,,底標,--,
銘傳大學,生物醫學工程學系人工智慧醫療組（桃園校區）,底標,,,,--,
銘傳大學,資訊應用與金融保險學系（青年儲蓄帳戶組．臺北校區）,底標,,,,,
銘傳大學,影音新聞暨社群傳播學系（青年儲蓄帳戶組．臺北校區）,底標,,,,,
銘傳大學,金融科技應用學系（青年儲蓄帳戶組．桃園校區）,底標,,,,,
銘傳大學,智慧醫療與永續管理學系（青年儲蓄帳戶組．桃園校區）,底標,,,,底標,底標
世新大學,新聞學系,底標,,,--,,
世新大學,廣播電視電影學系廣播與聲音設計組,後標,,,--,,--
世新大學,廣播電視電影學系電視組,後標,,,--,,--
世新大學,廣播電視電影學系電影組,後標,,,--,,--
世新大學,圖文傳播學系,底標,,,--,,
世新大學,公共關係暨廣告學系,底標,,,--,,--
世新大學,口語傳播暨社群媒體學系,底標,,,,,--
世新大學,資訊傳播學系,底標,,,--,,--
世新大學,數位多媒體設計學系,底標,,,--,,
世新大學,傳播管理學系,底標,,,--,,
世新大學,資訊管理學系智慧商務暨數據傳播組,,,,底標,,
世新大學,資訊管理學系智慧商務暨數據傳播組(資安組),,,底標,,,
世新大學,資訊管理學系人工智慧暨科技傳播組,,,底標,--,,
世新大學,資訊管理學系人工智慧暨科技傳播組(資安組),,,底標,,,
世新大學,財務金融學系,,,底標,,,--
世新大學,行政管理學系行政與法律組,--,,,,,底標
世新大學,行政管理學系政策與傳播組,底標,,,,,--
世新大學,觀光學系餐旅經營管理組,底標,,,--,,
世新大學,觀光學系旅遊暨休閒事業管理組,底標,,,--,,
世新大學,經濟學系產業經濟組,,,--,,,後標
世新大學,經濟學系總體金融組,,,--,,,底標
世新大學,經濟學系AI與商業分析組,,,底標,,,--
世新大學,企業管理學系人工智慧管理組,底標,,,--,,--
世新大學,企業管理學系跨域創新組,底標,,,,,--
世新大學,社會心理學系,底標,,,,,--
世新大學,英語暨傳播應用學系,--,,,後標,,
世新大學,日本語文學系,底標,,,,,--
世新大學,法律學系,後標,,,--,,--
實踐大學,食品營養與保健生技學系(臺北校區),,,,,底標,
實踐大學,食品營養與保健生技學系食品創新與科技法律組(臺北校區),底標,,,,,
實踐大學,食品營養與保健生技學系(青年儲蓄帳戶組)(臺北校區),,,,,底標,
實踐大學,社會工作學系兒少、家庭與司法組(臺北校區),底標,,,,,
實踐大學,社會工作學系老人、長照與身障組(臺北校區),底標,,,,,
實踐大學,社會工作學系心理衛生與醫務組(臺北校區),,,,,,底標
實踐大學,家庭研究與兒童發展學系幼兒教保組(臺北校區),底標,,,,,--
實踐大學,家庭研究與兒童發展學系家庭教育與輔導組(臺北校區),,,,--,,底標
實踐大學,餐飲管理學系廚藝組(臺北校區),底標,,,--,,
實踐大學,餐飲管理學系餐旅組(臺北校區),--,,,底標,,
實踐大學,法律學系(臺北校區),後標,,,後標,,--
實踐大學,服裝設計學系(臺北校區),,,,後標,,
實踐大學,媒體傳達設計學系動畫影像設計組(臺北校區),底標,,,後標,,
實踐大學,媒體傳達設計學系創意媒體設計組(臺北校區),底標,,,後標,,
實踐大學,工業產品設計學系(臺北校區),,底標,底標,後標,,
實踐大學,建築設計學系人文藝術組(臺北校區),後標,,,,,
實踐大學,建築設計學系創意科技組(臺北校區),,,,,後標,
實踐大學,建築職人學士學位學程(臺北校區),底標,,,,,
實踐大學,會計學系會計審計組(臺北校區),底標,,,,,
實踐大學,會計學系永續會計組(臺北校區),--,,,,,底標
實踐大學,國際經營與貿易學系經貿管理組(臺北校區),--,,,,,底標
實踐大學,國際經營與貿易學系跨境行銷組(臺北校區),--,,,底標,,
實踐大學,國際經營與貿易學系國際金融組(臺北校區),底標,,,,,--
實踐大學,國際經營與貿易學系智慧物流組(臺北校區),底標,,,,,
實踐大學,企業管理學系策略管理組(臺北校區),底標,,,,,
實踐大學,企業管理學系ＡＩ行銷組(臺北校區),底標,,,,--,
實踐大學,企業管理學系綠色永續組(臺北校區),--,,,,,底標
實踐大學,企業管理學系創新創業組(臺北校區),底標,,,--,,
實踐大學,企業管理學系(青年儲蓄帳戶組)(臺北校區),底標,,,,,
實踐大學,財務金融學系(臺北校區),,,,底標,,--
實踐大學,財務金融學系數位行銷設計組(臺北校區),底標,,--,--,,
實踐大學,風險管理與保險學系(臺北校區),,,,--,,底標
實踐大學,應用外語學系(臺北校區),--,,,後標,,
實踐大學,應用外語學系數位應用組(臺北校區),底標,,,後標,,
實踐大學,資訊科技與管理學系人工智慧與大數據組(臺北校區),底標,,,,,
實踐大學,資訊科技與管理學系雲端運算與物聯網組(臺北校區),,,,,底標,
實踐大學,資訊科技與管理學系數位媒體設計組(臺北校區),底標,,,,,
實踐大學,資訊科技與管理學系(APCS組)(臺北校區),底標,,,,,
實踐大學,資訊科技與管理學系(資安組)(臺北校區),,,,,底標,
實踐大學,資訊科技與管理學系(青年儲蓄帳戶組)(臺北校區),底標,,,,,
實踐大學,國際企業英語學士學位學程(社會組)(臺北校區),底標,,,,,
實踐大學,國際企業英語學士學位學程(自然組)(臺北校區),,,,底標,,
實踐大學,智慧服務管理英語學士學位學程(社會組)(臺北校區),底標,,,,,
實踐大學,智慧服務管理英語學士學位學程(自然組)(臺北校區),,,,底標,,
實踐大學,國際企業管理學系公司理財投資組(高雄校區),,,,底標,,
實踐大學,國際企業管理學系外匯數位金融組(高雄校區),--,,,,,底標
實踐大學,國際企業管理學系品牌行銷企劃組(高雄校區),,,,,,底標
實踐大學,國際企業管理學系日韓商務與貿易組(高雄校區),底標,,,,,
實踐大學,金融管理學系金融實務組(高雄校區),底標,,,,,
實踐大學,金融管理學系數位金融組(高雄校區),,,,底標,,
實踐大學,金融管理學系金融商品組(高雄校區),,,,,,底標
實踐大學,金融管理學系產業實習組(高雄校區),--,,,,,底標
實踐大學,金融管理學系財務金融組(高雄校區),,,底標,,,
實踐大學,資訊管理學系物聯網應用組(高雄校區),,底標,底標,,底標,
實踐大學,資訊管理學系人工智慧與雲端應用組(高雄校區),,底標,底標,,--,
實踐大學,資訊管理學系資訊科技組(高雄校區),,,,,底標,
實踐大學,資訊科技與通訊學系智慧機器人組(高雄校區),,底標,底標,,--,
實踐大學,資訊科技與通訊學系人工智慧組(高雄校區),底標,底標,底標,,,
實踐大學,資訊科技與通訊學系無人機組(高雄校區),--,底標,底標,,,
實踐大學,資訊科技與通訊學系App設計組(高雄校區),,底標,底標,--,,
實踐大學,資訊科技與通訊學系(青年儲蓄帳戶組)(高雄校區),底標,,,,,
實踐大學,數位多媒體遊戲設計學系互動遊戲設計組(高雄校區),底標,,,,,
實踐大學,數位多媒體遊戲設計學系(青年儲蓄帳戶組)(高雄校區),底標,,,,,
實踐大學,電腦動畫學士學位學程3D動畫製作及視覺特效組(高雄校區),,,,底標,,
實踐大學,電腦動畫學士學位學程2D3D動畫通修組(高雄校區),底標,,,,,
實踐大學,觀光管理學系文化與自然旅遊經營組(高雄校區),,,,,,底標
實踐大學,休閒產業管理學系環境教育與休閒規劃設計組(高雄校區),底標,,,,,
實踐大學,休閒產業管理學系精品咖啡烘焙經營組(高雄校區),,,,,,底標
實踐大學,休閒產業管理學系(青年儲蓄帳戶組)(高雄校區),底標,,,,,
實踐大學,應用日文學系(高雄校區),,,,底標,,--
實踐大學,應用日文學系商務組(高雄校區),,,,,,底標
實踐大學,應用日文學系翻譯組(高雄校區),--,,,,,底標
實踐大學,應用日文學系實習組(高雄校區),底標,,,,,--
實踐大學,應用日文學系(青年儲蓄帳戶組)(高雄校區),,,,,,底標
實踐大學,音樂學系(臺北校區),,,,,,
實踐大學,音樂學系Ｂ組(臺北校區),底標,,,,,
實踐大學,數位多媒體遊戲設計學系數位多媒體與AI應用設計組(高雄校區),--,,,,,
實踐大學,數位多媒體遊戲設計學系3D多媒體遊戲美術設計組(高雄校區),--,,,,,
實踐大學,數位多媒體遊戲設計學系遊戲美術設計組(高雄校區),--,,,,,
實踐大學,電腦動畫學士學位學程2D動畫創作製作組(高雄校區),--,,,,,
實踐大學,電腦動畫學士學位學程2D動畫美術設計組(高雄校區),--,,,,,
實踐大學,服飾設計與經營學系品牌經營與行銷組(高雄校區),--,,,,,
實踐大學,服飾設計與經營學系服飾設計與數位應用組(高雄校區),--,,,,,
實踐大學,時尚設計學系媒傳影像設計組(高雄校區),--,,,,,
實踐大學,時尚設計學系髮妝造型設計組(高雄校區),--,,,,,
實踐大學,時尚設計學系服裝造型設計組(高雄校區),--,,,,,
實踐大學,觀光管理學系旅運暨運動觀光事業組(高雄校區),--,,,,,
實踐大學,休閒產業管理學系遊憩運動企劃組(高雄校區),--,底標,底標,,,
長榮大學,企業管理學系行銷組,底標,,,--,,--
長榮大學,企業管理學系數位經營組,--,,,--,,底標
長榮大學,企業管理學系企業永續發展組,底標,,,--,,--
長榮大學,企業管理學系創新應用組,--,,,--,,底標
長榮大學,企業管理學系(青年儲蓄帳戶組),底標,,,,,
長榮大學,國際企業學系國際經營管理組,底標,,,,,
長榮大學,國際企業學系金融貿易組,--,,,,,底標
長榮大學,國際企業學系航運物流組,,,,,,底標
長榮大學,會計資訊學系財務應用組,底標,,,,,--
長榮大學,會計資訊學系稅務應用組,底標,,,,,--
長榮大學,會計資訊學系產業實習組,--,,,,,底標
長榮大學,航運管理學系,底標,,,,,
長榮大學,財務金融學系金融科技組,,,,,,底標
長榮大學,財務金融學系投資理財組,底標,,,,,
長榮大學,財務金融學系金融實務組,底標,,,,,--
長榮大學,財務金融學系產業實習組,--,,,,,底標
長榮大學,財務金融學系(青年儲蓄帳戶組),底標,,,,,
長榮大學,觀光與餐飲管理學系專業技術組,底標,,,--,,--
長榮大學,觀光與餐飲管理學系日韓交流組,底標,,,--,,--
長榮大學,觀光與餐飲管理學系國際雙聯組,--,,,底標,,--
長榮大學,觀光與餐飲管理學系(青年儲蓄帳戶組),底標,,,,,
長榮大學,醫務管理學系,底標,,,--,,
長榮大學,生物科技學系生技醫學組,底標,,,--,,
長榮大學,生物科技學系生物檢測組,底標,,,--,--,
長榮大學,健康心理學系,底標,,,--,,
長榮大學,保健營養學系,底標,,,,--,
長榮大學,護理學系,底標,,,,,
長榮大學,職業安全與衛生學系職業安全衛生管理組,--,,,--,,底標
長榮大學,職業安全與衛生學系安全衛生AI科技組,--,,,底標,--,
長榮大學,職業安全與衛生學系職業安全組,--,,,,底標,
長榮大學,職業安全與衛生學系職業衛生組,底標,,,--,,
長榮大學,職業安全與衛生學系(青年儲蓄帳戶組),底標,,,,,
長榮大學,食品安全衛生與檢驗學士學位學程食品安全管理組,,,,,,底標
長榮大學,食品安全衛生與檢驗學士學位學程食品科技組,底標,,,,,
長榮大學,食品安全衛生與檢驗學士學位學程食品檢驗組,,,,,底標,
長榮大學,消防安全學士學位學程消防實務管理組,,,,,,底標
長榮大學,消防安全學士學位學程火場鑑識組,,,,,底標,
長榮大學,消防安全學士學位學程消防防災技術組,底標,,,,,
長榮大學,消防安全學士學位學程(青年儲蓄帳戶組),底標,,,,,
長榮大學,綠能與環境資源學系綠能產業管理組,,,,,,底標
長榮大學,綠能與環境資源學系綠能產業實務組,底標,,,,,
長榮大學,綠能與環境資源學系綠能環境科技組,,,,,底標,
長榮大學,營建工程安全學士學位學程,--,,,,底標,
長榮大學,大眾傳播學系,底標,,,,,
長榮大學,翻譯學系智慧科技與經貿媒體跨域組,底標,,,--,,
長榮大學,翻譯學系語文教學與觀光會展實務組,,,,--,,底標
長榮大學,社會工作學系A組,底標,,,,,
長榮大學,社會工作學系B組,,,,,,底標
長榮大學,社會工作學系(青年儲蓄帳戶組),,,,,,底標
長榮大學,應用日語學系語文翻譯組,底標,,,,,
長榮大學,應用日語學系觀光產業組,--,,,,,底標
長榮大學,數位媒體設計學系數位媒體設計組,--,,,,,底標
長榮大學,數位媒體設計學系互動設計組,--,,,底標,,
長榮大學,資訊工程學系,--,,--,底標,,
長榮大學,資訊工程學系(APCS組),--,,--,底標,,
長榮大學,美術學系藝術創作組,--,,,,,
長榮大學,美術學系應用藝術組,--,,,,,
長榮大學,書畫藝術學系甲組,--,,,,,
長榮大學,書畫藝術學系乙組,--,,,,,
長榮大學,運動競技學系,--,,,,,--
國立臺灣藝術大學,圖文傳播藝術學系,均標,,--,均標,,
國立臺灣藝術大學,廣播電視學系,均標,,,均標,,均標
國立臺灣藝術大學,電影學系,均標,,,均標,,
國立臺灣藝術大學,戲劇學系,後標,,,後標,,後標
國立臺灣藝術大學,音樂學系,--,,,--,,
國立臺灣藝術大學,中國音樂學系作曲組,--,,,--,,
國立臺灣藝術大學,中國音樂學系聲樂組,--,,,--,,
國立臺灣藝術大學,中國音樂學系管樂組,--,,,--,,
國立臺灣藝術大學,中國音樂學系彈弦組,--,,,--,,
國立臺灣藝術大學,中國音樂學系撥弦組,--,,,--,,
國立臺灣藝術大學,中國音樂學系擦弦組（一）–胡琴,--,,,--,,
國立臺灣藝術大學,中國音樂學系擦弦組（二）–低音擦弦,--,,,--,,
國立臺灣藝術大學,中國音樂學系擊樂組,--,,,--,,
國立臺灣藝術大學,美術學系,--,,,--,,
國立臺灣藝術大學,書畫藝術學系,後標,,,底標,,後標
國立臺灣藝術大學,雕塑學系,--,,,--,,--
國立臺灣藝術大學,古蹟藝術修護學系,後標,,,底標,,均標
國立臺灣藝術大學,視覺傳達設計學系,均標,,,均標,,
國立臺灣藝術大學,工藝設計學系,均標,,,均標,,
國立臺灣藝術大學,多媒體動畫藝術學系,後標,,,後標,,
國立臺灣藝術大學,舞蹈學系,--,,,--,,
國立暨南國際大學,中國語文學系,均標,,,,,後標
國立暨南國際大學,外國語文學系,--,,,均標,,
國立暨南國際大學,社會政策與社會工作學系,--,,,--,,均標
國立暨南國際大學,公共行政與政策學系,--,,,--,,均標
國立暨南國際大學,歷史學系,--,,,,,均標
國立暨南國際大學,東南亞學系,,,,--,,均標
國立暨南國際大學,國際企業學系,--,,後標,--,,
國立暨南國際大學,經濟學系,--,後標,均標,--,,
國立暨南國際大學,資訊管理學系,--,後標,均標,--,,
國立暨南國際大學,資訊管理學系(資安組),--,後標,後標,--,,
國立暨南國際大學,財務金融學系,,,均標,--,,
國立暨南國際大學,觀光休閒與餐旅管理學系觀光休閒組,後標,,,,,
國立暨南國際大學,觀光休閒與餐旅管理學系餐旅管理組,,,,後標,,
國立暨南國際大學,管理學院學士班,,後標,後標,--,,
國立暨南國際大學,國際文教與比較教育學系,均標,,,--,,
國立暨南國際大學,教育政策與行政學系,均標,,,,,--
國立暨南國際大學,諮商心理與人力資源發展學系諮商心理組,,,--,均標,,--
國立暨南國際大學,諮商心理與人力資源發展學系終身學習與人力資源發展組,均標,,,--,,
國立暨南國際大學,教育學院學士班教育科技與資訊組,均標,,後標,,,--
國立暨南國際大學,教育學院學士班教育心理與輔導組,--,,--,均標,,
國立暨南國際大學,資訊工程學系,,均標,,--,,
國立暨南國際大學,資訊工程學系(APCS組),,均標,,--,,
國立暨南國際大學,資訊工程學系(資安組),--,均標,,--,,
國立暨南國際大學,土木工程學系,,後標,,,--,
國立暨南國際大學,電機工程學系,--,,,--,均標,
國立暨南國際大學,應用化學系,,--,,,均標,
國立暨南國際大學,應用材料及光電工程學系,,--,,,均標,
國立暨南國際大學,科技學院學士班,,--,,,均標,
國立暨南國際大學,科技學院學士班(資安組),,--,,,均標,
國立暨南國際大學,護理學系,後標,,,--,,
南華大學,財務金融學系,底標,,,,,
南華大學,財務金融學系證券投資組,,,,,,底標
南華大學,財務金融學系AI智慧理財組,--,,,,,底標
南華大學,企業管理學系經營管理組,底標,,,,,
南華大學,企業管理學系行銷企劃組,底標,,,,,--
南華大學,企業管理學系創新創業組,--,,,,,底標
南華大學,企業管理學系文創管理組,,,,,,底標
南華大學,旅遊管理學系觀光旅遊經營組,底標,,,,,
南華大學,旅遊管理學系觀光導覽組,底標,,,,,--
南華大學,旅遊管理學系旅館管理組,--,,,,,底標
南華大學,旅遊管理學系餐宴廚藝組,,,,,,底標
南華大學,管理學院國際企業學士學位學程,底標,,,--,,
南華大學,管理學院國際企業學士學位學程國際數位行銷組,--,,,底標,,
南華大學,生死學系殯葬服務組,底標,,,,,--
南華大學,生死學系諮商組,底標,,,,,--
南華大學,幼兒教育學系幼兒教保組,底標,,,,,
南華大學,幼兒教育學系多元創新組,,,,,,底標
南華大學,文學系,底標,,,,,--
南華大學,文學系藝文創作組,底標,,,,,
南華大學,外國語文學系應用英語組,,,,底標,,
南華大學,外國語文學系英日組,,,,,,底標
南華大學,社會工作學系,--,,,,,底標
南華大學,社會工作學系長期照顧管理組,底標,,,,,
南華大學,社會工作學系家庭社會工作組,底標,,,,,--
南華大學,社會工作學系兒少社會工作組,,,,,,底標
南華大學,社會工作學系醫務社會工作組,--,,,--,,底標
南華大學,傳播學系廣告公關新聞組,底標,,,,,
南華大學,傳播學系數位影音製作組,--,,,,,底標
南華大學,傳播學系影劇表演藝術組,底標,,,,,--
南華大學,國際事務與企業學系,,,,,,底標
南華大學,國際事務與企業學系國際政經與貿易組,底標,,,,,--
南華大學,國際事務與企業學系公共事務與管理組,底標,,,,,
南華大學,視覺藝術與設計學系繪畫文創組,底標,,,,,
南華大學,視覺藝術與設計學系數位設計組,,,,,,底標
南華大學,音樂跨域設計與藝術管理學士學位學程展演創作組,底標,,,,,
南華大學,音樂跨域設計與藝術管理學士學位學程藝術管理組,,,,,,底標
南華大學,建築學系,底標,,,,,
南華大學,建築學系社會組,底標,,,,,--
南華大學,建築學系自然組,底標,,,,--,
南華大學,產品與室內設計學系,底標,,,,,
南華大學,產品與室內設計學系(青年儲蓄帳戶組),底標,,,,,
南華大學,資訊工程學系,--,底標,底標,,,
南華大學,資訊工程學系人工智慧科技組,,底標,底標,,--,
南華大學,資訊工程學系資訊電子組,--,底標,底標,,--,
南華大學,資訊工程學系互動遊戲設計組,--,底標,底標,--,,
南華大學,自然生物科技學系,,,,,底標,
南華大學,自然生物科技學系生技療癒組,,,,,,底標
南華大學,自然生物科技學系食品生技組,底標,,,,,
南華大學,資訊管理學系,底標,,,,,
南華大學,資訊管理學系人工智慧應用組,--,,,,底標,
南華大學,資訊管理學系大數據分析組,,,,,底標,
南華大學,半導體應用學士學位學程IC設計組,--,,,,底標,
南華大學,半導體應用學士學位學程IC製程組,--,底標,底標,,,
南華大學,半導體應用學士學位學程封裝與材料組,--,,,底標,,
國立臺灣體育運動大學,體育學系(一般組),--,,,底標,,
國立臺灣體育運動大學,體育學系(青年儲蓄帳戶組),底標,,,,,
國立臺灣體育運動大學,休閒運動學系,底標,,,底標,,
國立臺灣體育運動大學,運動事業管理學系,後標,,,後標,,後標
國立臺灣體育運動大學,運動健康科學學系,後標,,,後標,後標,
國立臺灣體育運動大學,運動資訊與傳播學系,後標,,後標,後標,,後標
國立臺灣體育運動大學,體育學系(運動專長組),--,,,--,,
國立臺南藝術大學,藝術史與文化資產學系,--,,,--,,均標
國立臺南藝術大學,應用音樂學系,後標,,,後標,,
國立臺南藝術大學,材質創作與設計系,--,,,--,,--
國立臺南藝術大學,材質創作與設計系(青年儲蓄帳戶組),均標,,,均標,,
玄奘大學,社會工作學系,底標,,,,,
玄奘大學,應用心理學系,底標,,,,,
玄奘大學,法律學系,底標,,,,,
玄奘大學,大眾傳播學系,底標,,,,,
玄奘大學,應用日語學系,底標,,,,,
玄奘大學,餐旅管理學系,底標,,,,,
玄奘大學,視覺傳達設計學系,--,,,,,
玄奘大學,藝術與創意設計學系,--,,,,,
真理大學,人文與資訊學系,--,,,,,底標
真理大學,宗教文化與資訊管理學系,底標,,,,,
真理大學,宗教文化與資訊管理學系生命關懷組,底標,,,,,--
真理大學,宗教文化與資訊管理學系資訊與文創組,--,,,,,底標
真理大學,應用日語學系,底標,,,--,,--
真理大學,應用日語學系(青年儲蓄帳戶組),底標,,,,,
真理大學,資訊工程學系人工智慧應用組,底標,,,--,,
真理大學,資訊工程學系多媒體遊戲設計組,底標,,,,,
真理大學,資訊工程學系(APCS組),底標,,,,,
真理大學,資訊工程學系(青年儲蓄帳戶組),底標,,,,,
真理大學,法律學系財經科技法律組,底標,,,,,--
真理大學,法律學系法律應用實務組,底標,,,,,--
真理大學,財務金融學系,,,,,,底標
真理大學,財務金融學系(青年儲蓄帳戶組),,,,,,底標
真理大學,國際經營與貿易學系,底標,,,,,
真理大學,國際經營與貿易學系(青年儲蓄帳戶組),底標,,,,,
真理大學,經濟學系,--,,,--,,底標
真理大學,企業管理學系,,,,,,底標
真理大學,運動管理學系,--,,,--,,底標
真理大學,運動資訊傳播學系,底標,,,,,--
真理大學,運動資訊傳播學系(青年儲蓄帳戶組),底標,,,,,
真理大學,觀光事業學系,底標,,,--,,
真理大學,航空事業學系,底標,,,--,,--
真理大學,音樂應用學系-跨域應用組,底標,,,--,,--
真理大學,音樂應用學系-音樂表演組,底標,,,--,,--
國立臺北大學,法律學系法學組,前標,,均標,前標,,前標
國立臺北大學,法律學系法學組(飛鳶組),前標,,均標,前標,,前標
國立臺北大學,法律學系司法組,前標,,均標,前標,,前標
國立臺北大學,法律學系司法組(飛鳶組),前標,,均標,前標,,前標
國立臺北大學,法律學系財經法組,前標,,均標,前標,,前標
國立臺北大學,法律學系財經法組(飛鳶組),前標,,均標,前標,,前標
國立臺北大學,企業管理學系,均標,均標,,均標,,
國立臺北大學,企業管理學系(飛鳶組),均標,均標,,均標,,--
國立臺北大學,金融與合作經營學系,均標,均標,,均標,,
國立臺北大學,金融與合作經營學系(飛鳶組),均標,均標,,均標,,
國立臺北大學,會計學系,均標,均標,,均標,,均標
國立臺北大學,會計學系(飛鳶組),均標,均標,,均標,,均標
國立臺北大學,統計學系,均標,均標,,均標,,
國立臺北大學,統計學系(飛鳶組),均標,均標,,均標,,
國立臺北大學,休閒運動管理學系,--,,--,均標,,--
國立臺北大學,休閒運動管理學系(飛鳶組),--,,--,均標,,--
國立臺北大學,公共行政暨政策學系,均標,,--,均標,,均標
國立臺北大學,公共行政暨政策學系(飛鳶組),均標,,--,均標,,均標
國立臺北大學,財政學系,均標,均標,,均標,,均標
國立臺北大學,財政學系(飛鳶組),均標,均標,,均標,,均標
國立臺北大學,不動產與城鄉環境學系甲組,前標,均標,,均標,,
國立臺北大學,不動產與城鄉環境學系乙組,,,均標,均標,,前標
國立臺北大學,不動產與城鄉環境學系(飛鳶組),均標,,均標,均標,,
國立臺北大學,經濟學系,均標,均標,,均標,,均標
國立臺北大學,經濟學系(飛鳶組),均標,均標,,均標,,均標
國立臺北大學,社會學系,,,均標,均標,,均標
國立臺北大學,社會學系(飛鳶組),,,均標,均標,,均標
國立臺北大學,社會工作學系,均標,,均標,均標,,--
國立臺北大學,社會工作學系(飛鳶組),均標,,均標,均標,,--
國立臺北大學,中國文學系,均標,,,--,,均標
國立臺北大學,中國文學系(飛鳶組),前標,,,均標,,均標
國立臺北大學,應用外語學系,均標,,--,均標,,--
國立臺北大學,應用外語學系(飛鳶組),均標,,均標,均標,,
國立臺北大學,歷史學系,均標,,,--,,均標
國立臺北大學,歷史學系(飛鳶組),均標,,,,,均標
國立臺北大學,資訊工程學系,,均標,,均標,均標,
國立臺北大學,資訊工程學系(APCS組),,均標,,均標,,
國立臺北大學,資訊工程學系(飛鳶組),,均標,,均標,,
國立臺北大學,通訊工程學系,,均標,,均標,均標,
國立臺北大學,通訊工程學系(飛鳶組),,均標,,均標,均標,
國立臺北大學,電機工程學系,,均標,,均標,均標,
國立臺北大學,電機工程學系(飛鳶組),,均標,,均標,均標,
國立嘉義大學,教育學系,後標,,--,--,,--
國立嘉義大學,教育學系(公費生A組),前標,,均標,頂標,,均標
國立嘉義大學,教育學系(公費生B組),前標,,均標,頂標,,均標
國立嘉義大學,輔導與諮商學系,均標,,底標,均標,,
國立嘉義大學,特殊教育學系,後標,,,--,,--
國立嘉義大學,幼兒教育學系,均標,,--,--,,均標
國立嘉義大學,數位學習設計與管理學系,後標,,,--,,
國立嘉義大學,中國文學系,均標,,,,,底標
國立嘉義大學,應用歷史學系,均標,,,,,均標
國立嘉義大學,外國語言學系英語教學組,--,,,均標,,--
國立嘉義大學,外國語言學系應用外語組,--,,,均標,,--
國立嘉義大學,企業管理學系,後標,,後標,均標,,--
國立嘉義大學,應用經濟學系,後標,,均標,後標,,
國立嘉義大學,科技管理學系,--,,--,後標,,
國立嘉義大學,資訊管理學系,--,,均標,--,,
國立嘉義大學,資訊管理學系(資安組),--,,均標,--,,
國立嘉義大學,行銷與觀光管理學系,--,,,後標,,--
國立嘉義大學,行銷與觀光管理學系(青年儲蓄帳戶組),後標,,,均標,,後標
國立嘉義大學,財務金融學系,--,,均標,--,,
國立嘉義大學,財務金融學系(青年儲蓄帳戶組),,,,均標,,
國立嘉義大學,農藝學系,--,,,--,底標,
國立嘉義大學,園藝學系,底標,--,,--,--,
國立嘉義大學,森林暨自然資源學系,--,,,--,底標,
國立嘉義大學,木質材料與設計學系,--,,,底標,底標,--
國立嘉義大學,動物科學系,--,--,,後標,後標,
國立嘉義大學,農業生物科技學系,--,,,底標,底標,
國立嘉義大學,景觀學系,底標,,,--,--,--
國立嘉義大學,植物醫學系,--,,,--,底標,
國立嘉義大學,電子物理學系,,均標,,--,均標,
國立嘉義大學,應用化學系,,--,,--,均標,
國立嘉義大學,應用數學系,--,均標,,--,--,
國立嘉義大學,資訊工程學系,--,均標,,--,,
國立嘉義大學,資訊工程學系(APCS組),,均標,,--,,
國立嘉義大學,生物機電工程學系,,--,,均標,均標,
國立嘉義大學,生物機電工程學系(青年儲蓄帳戶組),,,,均標,均標,
國立嘉義大學,土木與水資源工程學系,,--,,--,後標,
國立嘉義大學,電機工程學系,--,均標,,均標,均標,
國立嘉義大學,機械與能源工程學系,--,--,,--,均標,
國立嘉義大學,食品科學系,,,,--,後標,
國立嘉義大學,水生生物科學系,--,,,後標,後標,
國立嘉義大學,生物資源學系,--,,,--,後標,
國立嘉義大學,生化科技學系,--,,,--,底標,
國立嘉義大學,微生物免疫與生物藥學系,--,,,後標,均標,
國立嘉義大學,獸醫學系,--,--,,均標,均標,
國立嘉義大學,音樂學系(A組),--,,,--,,
國立嘉義大學,音樂學系(B組),--,,,--,,
國立嘉義大學,視覺藝術學系,後標,,,,,
國立嘉義大學,視覺藝術學系(青年儲蓄帳戶組),底標,,,,,
國立嘉義大學,體育與健康休閒學系,後標,,,後標,,
國立高雄大學,西洋語文學系,--,,,均標,,
國立高雄大學,運動健康與休閒學系,後標,,,後標,,
國立高雄大學,東亞語文學系日語組,均標,,,均標,,均標
國立高雄大學,東亞語文學系韓語組,均標,,,均標,,均標
國立高雄大學,東亞語文學系越語組,均標,,,均標,,均標
國立高雄大學,法律學系,均標,,,均標,,均標
國立高雄大學,政治法律學系,均標,,,均標,,均標
國立高雄大學,財經法律學系,均標,,均標,均標,,
國立高雄大學,應用經濟學系,均標,均標,均標,均標,,
國立高雄大學,亞太工商管理學系企業管理組,均標,,--,--,,
國立高雄大學,亞太工商管理學系工業管理組,均標,--,,--,,
國立高雄大學,資訊管理學系,均標,均標,均標,均標,,
國立高雄大學,資訊管理學系(資安組),均標,均標,均標,均標,,
國立高雄大學,財務金融學系,均標,,均標,均標,,均標
國立高雄大學,應用數學系,--,均標,,,,
國立高雄大學,應用化學系,,--,,,均標,
國立高雄大學,應用物理學系,,均標,,--,均標,
國立高雄大學,生命科學系,,均標,,均標,均標,
國立高雄大學,電機工程學系,,均標,,均標,均標,
國立高雄大學,電機工程學系(青年儲蓄帳戶組),,,,均標,均標,
國立高雄大學,土木與環境工程學系土木工程組,均標,均標,,,均標,
國立高雄大學,土木與環境工程學系環境工程組,均標,均標,,,均標,
國立高雄大學,化學工程及材料工程學系,,均標,,均標,均標,
國立高雄大學,資訊工程學系,,均標,,均標,均標,
國立高雄大學,資訊工程學系(資安組),,均標,,均標,均標,
國立高雄大學,建築學系,均標,底標,,均標,,
國立高雄大學,工藝與創意設計學系,底標,,,底標,,底標
慈濟大學,醫學系,頂標,頂標,,頂標,頂標,
慈濟大學,醫學系(公費生),頂標,頂標,,頂標,頂標,
慈濟大學,藥學系,均標,均標,,均標,均標,
慈濟大學,醫學檢驗生物技術學系,,,,後標,後標,
慈濟大學,物理治療學系,,後標,,後標,後標,
慈濟大學,公共衛生學系,,,,底標,,
慈濟大學,分子生物暨人類遺傳學系,,,,,底標,
慈濟大學,醫學影像暨放射科學系,--,,,後標,,
慈濟大學,護理學系,,,,底標,,
慈濟大學,資訊工程學系,,底標,,,,
慈濟大學,生物醫學暨工程學系,,,,--,底標,
慈濟大學,傳播學系,底標,,,,,
慈濟大學,兒童發展與家庭教育學系,底標,,,,,
慈濟大學,社會工作學系,底標,,,,,
慈濟大學,人類發展與心理學系,底標,,,,,
慈濟大學,外語暨新興科技應用學系,,,,底標,,
慈濟大學,資訊科技與管理學系,底標,,,,,
慈濟大學,醫務暨健康管理學系,底標,,,,,
慈濟大學,經營管理學系,底標,,,,,
慈濟大學,翔飛A組(醫技系、物治系),,,,--,後標,
慈濟大學,翔飛B組(藥學系),均標,均標,,均標,均標,
慈濟大學,翔飛C組(護理學系),,,,底標,,
慈濟大學,資訊工程學系(APCS組),,底標,,,,
臺北醫學大學,醫學系,頂標,頂標,,頂標,頂標,
臺北醫學大學,牙醫學系,前標,前標,,前標,前標,
臺北醫學大學,藥學系藥學組,,--,,均標,--,
臺北醫學大學,藥學系藥學組(英語組),--,--,,頂標,--,
臺北醫學大學,藥學系臨床藥學組,,--,,均標,--,
臺北醫學大學,醫學檢驗暨生物技術學系,--,--,,--,均標,
臺北醫學大學,護理學系,--,均標,均標,均標,--,
臺北醫學大學,保健營養學系,,均標,均標,--,--,
臺北醫學大學,公共衛生學系,,--,,均標,--,
臺北醫學大學,醫務管理學系,--,,均標,均標,,--
臺北醫學大學,呼吸治療學系,--,--,,--,均標,
臺北醫學大學,高齡健康暨長期照護學系,,後標,均標,均標,,
臺北醫學大學,牙體技術學系,均標,,,均標,均標,
臺北醫學大學,口腔衛生學系,,,,後標,,--
臺北醫學大學,生物醫學工程學系,--,--,,,均標,
臺北醫學大學,食品安全學系,--,--,,均標,--,
臺北醫學大學,醫學系（展翅A組）,前標,前標,,前標,前標,
臺北醫學大學,牙醫學系（展翅B組）,均標,均標,,前標,前標,
臺北醫學大學,展翅C組,,後標,,均標,後標,
臺北醫學大學,展翅D組,--,,,底標,,
臺北醫學大學,展翅E組,,,,底標,--,
開南大學,企業與創業管理學系,,,,,,底標
開南大學,企業與創業管理學系(青年儲蓄帳戶組),,,,,,底標
開南大學,國際企業學系,底標,,,,,
開南大學,商學院國際榮譽學士學位學程,,,,均標,,
開南大學,國際物流與運輸管理學系,,,,,,底標
開南大學,空運管理學系,,,,底標,,
開南大學,觀光與餐飲旅館學系,底標,,,,,
開南大學,休閒與運動管理學系,,,,,,底標
開南大學,資訊管理學系,底標,,,,,
開南大學,資訊傳播學系,,,,,,底標
開南大學,電影與創意媒體學系,底標,,,,,
開南大學,法律學系,,,,,,底標
開南大學,應用日語學系,,,,底標,,
開南大學,應用日語學系(青年儲蓄帳戶組),,,,底標,,
開南大學,應用英語學系,,,,底標,,
開南大學,應用英語學系(青年儲蓄帳戶組),,,,底標,,
開南大學,保健營養學系,底標,,,,,
開南大學,健康產業管理學系,,,,,,底標
開南大學,AI科技與創新設計學士學位學程,底標,,,,,
康寧大學,嬰幼兒保育學系(台北校區),底標,,,,,
康寧大學,長期照護學系(台北校區),底標,,,,,
中信金融管理學院,財務金融學系,--,均標,均標,,,
中信金融管理學院,財經法律學系,均標,,,,,
中信金融管理學院,企業管理學系,均標,,,,,
中信金融管理學院,金融管理學院學士班,均標,,,,,
中信金融管理學院,科技金融學系,--,均標,均標,,,
中信金融管理學院,運動產業管理學士學位學程,後標,,,,,
中信金融管理學院,財務金融學系(青年儲蓄帳戶組),均標,,,,,
佛光大學,建築環境設計學士學位學程(社會組),--,,,,,底標
佛光大學,建築環境設計學士學位學程(自然組),--,,,,底標,
佛光大學,傳播學系(數位媒體與智能創作組),--,,,,,底標
佛光大學,傳播學系(廣告公關與精準行銷組),底標,,,,,--
佛光大學,傳播學系(流行音樂傳播與策展組),--,,,,,底標
佛光大學,資訊應用學系(資訊系統開發組),,,,,底標,
佛光大學,資訊應用學系(動畫與視覺特效組),,,,,,底標
佛光大學,資訊應用學系(數位遊戲開發組),,,,,底標,
佛光大學,人工智慧技術與應用學士學位學程,--,底標,底標,,,
佛光大學,語文學系(華語文創組),底標,,,,,--
佛光大學,語文學系(應用英日語組),--,,,底標,,
佛光大學,語文學系(應用英韓語組),--,,,底標,,
佛光大學,歷史學系,,,,,,底標
佛光大學,社會工作學系(A組),底標,,,,,--
佛光大學,社會工作學系(B組),--,,,,,底標
佛光大學,心理學系,--,,底標,--,,
佛光大學,公共行政與國際事務學系,,,,,,底標
佛光大學,運動與健康促進管理學士學位學程,底標,,,,,
佛光大學,應用經濟學系(財務金融組),--,,,,,底標
佛光大學,應用經濟學系(國際商務組),,,,底標,,--
佛光大學,產品與媒體設計學系（智慧產品設計組）,底標,,,,,--
佛光大學,產品與媒體設計學系（視覺媒體設計組）,底標,,,,,
亞洲大學,健康產業管理學系跨領域高齡智慧照顧組,底標,,,,,
亞洲大學,健康產業管理學系醫療機構管理組,底標,,,底標,,
亞洲大學,食品營養與保健生技學系食品營養組,底標,,,,底標,
亞洲大學,食品營養與保健生技學系藥用化粧品醫美組,底標,,,底標,,
亞洲大學,醫學檢驗暨生物技術學系醫事檢驗組,後標,,,後標,後標,
亞洲大學,醫學檢驗暨生物技術學系生物技術組,--,,,後標,後標,
亞洲大學,心理學系心理師研修組,,,,--,底標,
亞洲大學,心理學系諮商與臨床心理組,--,,,底標,,
亞洲大學,心理學系工商與社會心理組,,,,--,,底標
亞洲大學,視光學系,底標,,,底標,,
亞洲大學,聽力暨語言治療學系,底標,,,底標,底標,
亞洲大學,職能治療學系,,,,底標,底標,
亞洲大學,物理治療學系,後標,,,後標,後標,
亞洲大學,護理學系國際護理組,--,,,底標,,
亞洲大學,護理學系智慧護理組,--,,,,底標,
亞洲大學,護理學系臨床照護組,底標,,,--,,
亞洲大學,長期照護學系,底標,,,,,
亞洲大學,生物資訊與醫學工程學系生醫資訊組,--,,,底標,--,
亞洲大學,生物資訊與醫學工程學系醫學工程組,--,,,--,底標,
亞洲大學,資訊工程學系人工智慧與機器人組,底標,底標,底標,--,,
亞洲大學,資訊工程學系半導體資訊組,,底標,底標,--,,
亞洲大學,資訊工程學系(資安組),--,底標,底標,--,--,
亞洲大學,人工智慧學系,底標,,,,,底標
亞洲大學,人工智慧學系(資安組),底標,,,,,底標
亞洲大學,資訊傳播學系,底標,,,,,
亞洲大學,半導體學士學位學程,--,底標,底標,--,,
亞洲大學,經營管理學系,底標,,,,,
亞洲大學,會計與資訊學系,底標,,,,,--
亞洲大學,財務金融學系智能投資組,底標,,,,,
亞洲大學,財務金融學系金融科技組,底標,,,,,底標
亞洲大學,財經法律學系,底標,,,,,
亞洲大學,社會工作學系家庭與司法保護社工組,,,,,,底標
亞洲大學,社會工作學系醫務與心衛社工組,底標,,,,,
亞洲大學,幼兒教育學系,底標,,,,,底標
亞洲大學,數位媒體設計學系,底標,,,,,底標
亞洲大學,創意商品設計學系,底標,,,,,
亞洲大學,時尚設計學系,底標,,,,,
亞洲大學,室內設計學系,底標,,,,,底標
國立宜蘭大學,外國語文學系,--,,,後標,,--
國立宜蘭大學,應用經濟與管理學系,後標,,--,--,,
國立宜蘭大學,休閒產業與健康促進學系,後標,,,--,,--
國立宜蘭大學,土木工程學系,--,--,,,後標,
國立宜蘭大學,機械與機電工程學系,--,後標,,,--,
國立宜蘭大學,化學工程與材料工程學系,,後標,,,後標,
國立宜蘭大學,環境工程學系,--,--,,,後標,
國立宜蘭大學,生物機電工程學系,--,--,,--,後標,
國立宜蘭大學,食品科學系,--,,,--,後標,
國立宜蘭大學,生物技術與動物科學系,--,,,--,後標,
國立宜蘭大學,森林暨自然資源學系,--,,,--,後標,
國立宜蘭大學,園藝學系,後標,,,,--,
國立宜蘭大學,電機工程學系,,均標,,--,--,
國立宜蘭大學,電子工程學系,--,後標,,--,--,
國立宜蘭大學,電子工程學系(APCS組),--,後標,,--,--,
國立宜蘭大學,資訊工程學系,--,後標,,--,--,
國立宜蘭大學,資訊工程學系(APCS組),--,後標,,--,--,
國立宜蘭大學,資訊工程學系(資安組),--,後標,,--,--,
國立聯合大學,機械工程學系,--,後標,,--,--,
國立聯合大學,化學工程學系,,後標,,,--,
國立聯合大學,土木與防災工程學系,--,後標,,,,
國立聯合大學,材料科學工程學系,,--,,,後標,
國立聯合大學,環境與安全衛生工程學系,--,--,,,後標,
國立聯合大學,能源工程學系,,--,,--,後標,
國立聯合大學,建築學系,--,後標,後標,--,,
國立聯合大學,工業設計學系,後標,,--,--,,
國立聯合大學,電機工程學系(A組),--,後標,,--,--,
國立聯合大學,電機工程學系(B組),--,後標,,--,--,
國立聯合大學,電子工程學系(A組),--,後標,,,--,
國立聯合大學,電子工程學系(B組),,後標,,,--,
國立聯合大學,光電工程學系A組(光電半導體組),--,--,,--,後標,
國立聯合大學,光電工程學系B組(智慧光電應用組),--,後標,,--,--,
國立聯合大學,資訊工程學系,--,後標,,--,,
國立聯合大學,經營管理學系,後標,,--,--,,
國立聯合大學,資訊管理學系,後標,,--,--,,
國立聯合大學,資訊管理學系(APCS組),後標,,--,--,,
國立聯合大學,財務金融學系,後標,,,--,,--
國立聯合大學,臺灣語文與傳播學系,底標,,,,,
國立聯合大學,華語文學系,後標,,,,,
國立聯合大學,文化觀光產業學系,後標,,,--,,--
國立聯合大學,文化創意與數位行銷學系,底標,,,,,--
馬偕醫學大學,醫學系,,頂標,,頂標,頂標,前標
馬偕醫學大學,護理學系,後標,,,後標,後標,
馬偕醫學大學,聽力暨語言治療學系聽力組,後標,--,,後標,後標,
馬偕醫學大學,聽力暨語言治療學系語言組,後標,後標,後標,後標,後標,
馬偕醫學大學,視光學系,--,,,--,均標,
馬偕醫學大學,醫學檢驗暨再生醫學學系,--,,,均標,均標,
馬偕醫學大學,醫學系(薪傳組),,前標,,均標,前標,前標
馬偕醫學大學,護理學系(薪傳組),,,,後標,後標,
馬偕醫學大學,聽力暨語言治療學系聽力組(薪傳組),,--,,後標,後標,
馬偕醫學大學,視光學系(薪傳組),,,,--,後標,
馬偕醫學大學,醫學檢驗暨再生醫學學系(薪傳組),,,,--,均標,
馬偕醫學大學,護理學系(青年儲蓄帳戶組),後標,,,後標,後標,
國立金門大學,應用英語學系,--,,,底標,,--
國立金門大學,運動與休閒學系,底標,,,,,--
國立金門大學,運動與休閒學系(青年儲蓄帳戶組),底標,,,,,
國立金門大學,企業管理學系,底標,,,,,--
國立金門大學,電機工程學系,--,,,,後標,
國立金門大學,電機工程學系(APCS組),--,,,,後標,
國立金門大學,食品科學系,,底標,底標,,底標,
國立金門大學,食品科學系(青年儲蓄帳戶組),,,,,底標,
國立金門大學,土木與工程管理學系,--,,,--,後標,
國立金門大學,觀光管理學系,底標,,,,,
國立金門大學,觀光管理學系(青年儲蓄帳戶組),底標,,,,,
國立金門大學,資訊工程學系,--,後標,,,--,
國立金門大學,資訊工程學系(APCS組),--,後標,,,--,
國立金門大學,資訊工程學系(青年儲蓄帳戶組),均標,,,,,
國立金門大學,建築學系,後標,,,底標,,
國立金門大學,國際暨大陸事務學系,底標,,,,,--
國立金門大學,華語文學系,底標,,,,,
國立金門大學,海洋與邊境管理學系,底標,,,,,--
國立金門大學,海洋與邊境管理學系(青年儲蓄帳戶組),底標,,,,,
國立金門大學,工業工程與管理學系,底標,,,--,,
國立金門大學,護理學系(A組),後標,,,,--,
國立金門大學,護理學系(B組),後標,,,,,--
國立金門大學,長期照護學系,底標,,,,,
國立金門大學,社會工作學系,底標,,,,,
國立金門大學,都市計畫與景觀學系,底標,,,,,--
